case_id,backend,variant,run_dir,run_status,run_best_energy_eV,iteration_count,attempt_index,attempt_status,action,planner_reasoning,planner_solution_json,planned_motif_summary,planned_site_type,planned_surface_binding_atoms,planned_adsorbate_binding_indices,actual_site_type,actual_surface_binding_atoms,mace_energy_eV,delta_from_run_best_eV,is_run_best_iteration,is_chemical_slip,is_dissociated,bond_change_count,history_entry,source_structure,copied_structure
01,Gemini_2.5_Pro,full,research/results/basic_experiments/cmu20/gemini/full,success,-3.6317179203033447,5,1,success,continue,"0. **SMILES Consistency Check**: The SMILES `[H]` represents a hydrogen radical, which has one unpaired electron. This is consistent with the user's request for atomic hydrogen adsorption. The `adsorbate_type` will be `ReactiveSpecies`.
1. **Analyze Old Plans**: The history is `None`. This is the first attempt to find the lowest energy adsorption site.
2. **Formulate New Plan**: To systematically find the lowest energy site, I will start by testing a high-coordination site, as these are often the most stable for single atoms like hydrogen. The available sites include ontop, bridge, and hollow-3. I will begin with a hollow site.
3. **Analyze Request**: The user wants to find the most stable adsorption configuration for atomic hydrogen on the Mo3Pd(111) surface.
4. **Analyze Adsorbate**: The adsorbate is a single hydrogen atom from the SMILES `[H]`. Its index is `0`. It is a radical, so it will bind via its single unpaired electron.
5. **Analyze Surface**: The surface is Mo3Pd(111) and contains both Mo and Pd atoms. The available sites list includes `[Hollow-3]: Mo-Mo-Mo, Mo-Mo-Pd`. I will start with the mixed-metal hollow site to probe the alloy's reactivity.
6. **Formulate Plan**: I will place the hydrogen atom (index `0`) at a hollow site formed by two Mo atoms and one Pd atom. This corresponds to `site_type: ""hollow""`, `surface_binding_atoms: [""Mo"", ""Mo"", ""Pd""]`, and `adsorbate_binding_indices: [0]`.","{""action"":""continue"",""adsorbate_binding_indices"":[0],""conformers_per_site_cap"":4,""overlap_thr"":0.1,""relax_top_n"":1,""site_type"":""hollow"",""surface_binding_atoms"":[""Mo"",""Mo"",""Pd""],""touch_sphere_size"":2}",hollow | surface=Mo;Mo;Pd | adsorbate_idx=0,hollow,Mo;Mo;Pd,0,hollow (HCP/Subsurf-Atom),Mo;Mo;Pd,-3.6311686038970947,0.00054931640625,False,False,False,0,"【✅ Perfect Adsorption】 hollow @ ['Mo', 'Mo', 'Pd'] (Index [0]) -> ⚠️ Geometric Slip: hollow -> hollow (HCP/Subsurf-Atom) [🌟 New Best] | E=-3.631 eV",,
01,Gemini_2.5_Pro,full,research/results/basic_experiments/cmu20/gemini/full,success,-3.6317179203033447,5,2,success,continue,"The history shows that a hollow site composed of ['Mo', 'Mo', 'Pd'] was tested. It was unstable and the hydrogen atom slipped to a different, more stable configuration which is the current best at -3.631 eV. This indicates that hollow sites are energetically favorable. To continue the systematic search for the global minimum, I will now test the other available three-fold hollow site, which has a different chemical environment: ['Mo', 'Mo', 'Mo']. Since atomic hydrogen ([H]) is a radical, the adsorbate_type is 'ReactiveSpecies' and the binding will occur through the single H atom at index 0.","{""action"":""continue"",""adsorbate_binding_indices"":[0],""conformers_per_site_cap"":4,""overlap_thr"":0.1,""relax_top_n"":1,""site_type"":""hollow"",""surface_binding_atoms"":[""Mo"",""Mo"",""Mo""],""touch_sphere_size"":2}",hollow | surface=Mo;Mo;Mo | adsorbate_idx=0,hollow,Mo;Mo;Mo,0,bridge,Mo;Mo,-3.5662882328033447,0.0654296875,False,True,False,0,"【✅ Perfect Adsorption】 hollow @ ['Mo', 'Mo', 'Mo'] (Index [0]) -> ⚠️【Unstable Site Warning】⚠️: Planned hollow (Mo-Mo-Mo) is unstable, adsorbate spontaneously slipped to bridge (Mo-Mo).This means Mo-Mo-Mo has insufficient affinity for this adsorbate. Please **FORBID** testing Mo-Mo-Mo type sites again! | E=-3.566 eV",,
01,Gemini_2.5_Pro,full,research/results/basic_experiments/cmu20/gemini/full,success,-3.6317179203033447,5,3,success,continue,"0. **SMILES Consistency Check**: The SMILES `[H]` represents atomic hydrogen, which is a radical. This is consistent with the user's request and the plan to use `ReactiveSpecies`.

1. **Analyze Old Plans**: I have analyzed the history of previous attempts.
   - The current best configuration was found starting from a `hollow @ ['Mo', 'Mo', 'Pd']` site, which resulted in an adsorption energy of **-3.631 eV**. This is the benchmark to beat.
   - An attempt to adsorb on a `hollow @ ['Mo', 'Mo', 'Mo']` site proved this site to be unstable, as the adsorbate spontaneously slipped to a `bridge (Mo-Mo)` site with a higher (less favorable) energy of -3.566 eV. The history explicitly forbids re-testing `Mo-Mo-Mo` hollow sites, and I will adhere to this.

2. **Formulate New Plan**: My goal is to systematically test the remaining high-symmetry sites to ensure the global minimum has been found. The sites tested so far are `hollow (Mo-Mo-Pd)`, `hollow (Mo-Mo-Mo)`, and by extension of the slip, `bridge (Mo-Mo)`. The remaining untested high-symmetry sites listed are `bridge (Mo-Pd)`, `ontop (Mo)`, and `ontop (Pd)`. To continue the systematic search, I will now test the `bridge (Mo-Pd)` site, as it represents a chemically distinct environment from the already-tested `bridge (Mo-Mo)` site.

3. **Analyze Request**: The user wants to find the lowest-energy adsorption configuration for atomic hydrogen.

4. **Analyze Adsorbate**: The adsorbate is atomic hydrogen ([H]), a radical. RDKit identifies one atom at index 0. Therefore, `adsorbate_binding_indices` will be `[0]`.

5. **Analyze Surface**: The list of available sites includes `[Bridge]: Mo-Mo, Mo-Pd`. I will select the `Mo-Pd` bridge site for this new plan.

6. **Formulate Plan**:
   - `adsorbate_type`: ""ReactiveSpecies"", as [H] is a radical.
   - `site_type`: ""bridge"".
   - `surface_binding_atoms`: `[""Mo"", ""Pd""]` to target the mixed-metal bridge site.
   - `adsorbate_binding_indices`: `[0]`, as the hydrogen atom is the sole binding atom.","{""action"":""continue"",""adsorbate_binding_indices"":[0],""conformers_per_site_cap"":4,""overlap_thr"":0.1,""relax_top_n"":1,""site_type"":""bridge"",""surface_binding_atoms"":[""Mo"",""Pd""],""touch_sphere_size"":2}",bridge | surface=Mo;Pd | adsorbate_idx=0,bridge,Mo;Pd,0,hollow (HCP/Subsurf-Atom),Mo;Mo;Pd,-3.6317179203033447,0.0,True,True,False,0,"【✅ Perfect Adsorption】 bridge @ ['Mo', 'Pd'] (Index [0]) -> ⚠️【Unstable Site Warning】⚠️: Planned bridge (Mo-Pd) is unstable, adsorbate spontaneously slipped to hollow (HCP/Subsurf-Atom) (Mo-Mo-Pd).This means Mo-Pd has insufficient affinity for this adsorbate. Please **FORBID** testing Mo-Pd type sites again! [🌟 New Best] | E=-3.632 eV",,
01,Gemini_2.5_Pro,full,research/results/basic_experiments/cmu20/gemini/full,success,-3.6317179203033447,5,4,success,continue,"My goal is to systematically find the lowest energy adsorption site for atomic hydrogen. I have analyzed the previous attempts:
1.  `hollow @ ['Mo', 'Mo', 'Pd']` resulted in a stable hollow site with E = -3.631 eV.
2.  `bridge @ ['Mo', 'Pd']` was unstable and slipped to a very similar hollow site, yielding the current best energy of E = -3.632 eV. The history instructs me to FORBID testing `Mo-Pd` bridge sites again.
3.  `hollow @ ['Mo', 'Mo', 'Mo']` was also unstable and slipped to a `bridge @ Mo-Mo` site with E = -3.566 eV. The history instructs me to FORBID testing `Mo-Mo-Mo` hollow sites again.

Based on this, the `Mo-Mo-Pd` hollow site appears to be the most favorable. However, the relaxation from the unstable `Mo-Mo-Mo` hollow site produced a `Mo-Mo` bridge configuration. To ensure a thorough search, I must explicitly test this `Mo-Mo` bridge site as a starting point. The remaining untested high-symmetry sites are `Ontop @ Mo`, `Ontop @ Pd`, and `Bridge @ Mo-Mo`. I will now test the `Bridge @ Mo-Mo` site.","{""action"":""continue"",""adsorbate_binding_indices"":[0],""conformers_per_site_cap"":4,""overlap_thr"":0.1,""relax_top_n"":1,""site_type"":""bridge"",""surface_binding_atoms"":[""Mo"",""Mo""],""touch_sphere_size"":2}",bridge | surface=Mo;Mo | adsorbate_idx=0,bridge,Mo;Mo,0,hollow (HCP/Subsurf-Atom),Mo;Mo;Pd,-3.6289103031158447,0.0028076171875,False,True,False,0,"【✅ Perfect Adsorption】 bridge @ ['Mo', 'Mo'] (Index [0]) -> ⚠️【Unstable Site Warning】⚠️: Planned bridge (Mo-Mo) is unstable, adsorbate spontaneously slipped to hollow (HCP/Subsurf-Atom) (Mo-Mo-Pd).This means Mo-Mo has insufficient affinity for this adsorbate. Please **FORBID** testing Mo-Mo type sites again! [⚠️ Energy Degenerate but Geometrically Distinct] | E=-3.629 eV",,
01,Gemini_2.5_Pro,full,research/results/basic_experiments/cmu20/gemini/full,success,-3.6317179203033447,5,5,success,continue,"I have analyzed the previous attempts. The current best energy is -3.632 eV, which was found when the adsorbate was initially placed on a Mo-Pd bridge site but spontaneously slipped to a Mo-Mo-Pd hollow site. Several other initial placements (Mo-Mo bridge, Mo-Mo-Pd hollow) also resulted in very similar final configurations and energies (~-3.63 eV), indicating that this Mo-Mo-Pd hollow site is a very stable minimum. The history explicitly forbids re-testing Mo-Mo-Mo hollow, Mo-Pd bridge, and Mo-Mo bridge sites because they proved to be unstable starting points. To complete the systematic search for the global minimum, the only remaining high-symmetry site types are ontop sites. I will now test the `ontop` site on a Mo atom. The adsorbate is atomic hydrogen [H], which is a radical, so `adsorbate_type` is `ReactiveSpecies` and the binding index is [0].","{""action"":""continue"",""adsorbate_binding_indices"":[0],""conformers_per_site_cap"":4,""overlap_thr"":0.1,""relax_top_n"":1,""site_type"":""ontop"",""surface_binding_atoms"":[""Mo""],""touch_sphere_size"":2}",ontop | surface=Mo | adsorbate_idx=0,ontop,Mo,0,bridge,Mo;Mo,-3.5617105960845947,0.07000732421875,False,True,False,0,"【✅ Perfect Adsorption】 ontop @ ['Mo'] (Index [0]) -> ⚠️【Unstable Site Warning】⚠️: Planned ontop (Mo) is unstable, adsorbate spontaneously slipped to bridge (Mo-Mo).This means Mo has insufficient affinity for this adsorbate. Please **FORBID** testing Mo type sites again! | E=-3.562 eV",,
01,GPT_5.4,full,research/results/basic_experiments/cmu20/gpt/full,success,-3.627323865890503,4,1,success,continue,"SMILES consistency check: the adsorbate is [H], i.e. atomic hydrogen. This is a radical species with one unpaired electron, so ReactiveSpecies is the chemically correct type. There is no mismatch between the user request and the SMILES. History analysis: no previous attempts exist, so no sites have been tested yet and there are no known unstable or duplicate configurations. User intent: find the lowest-energy adsorption configuration for atomic hydrogen on the Mo3Pd(111) alloy surface by starting from a physically reasonable high-symmetry site. Adsorbate analysis: [H] contains no heavy atoms, consistent with the provided heavy atom index list []. For single-atom hydrogen, the only valid adsorbate atom index is 0; using no index would be invalid, and guessing any other index would be incorrect. Surface analysis: allowed site families are ontop (Mo, Pd), bridge (Mo-Mo, Mo-Pd), and hollow (Mo-Mo-Mo, Mo-Mo-Pd). For atomic H on close-packed transition-metal surfaces, hollow sites are often among the strongest-binding initial guesses, especially on multimetallic (111)-like surfaces. Since no prior data exist, the most systematic first trial is a hollow site. Among the listed hollow environments, a mixed Mo-Mo-Pd hollow is a strong initial candidate because alloy heterogeneity can stabilize H differently than pure-metal hollows, and mixed hollows often outperform simple ontop starts for H. The plan uses one binding index, which is valid for hollow adsorption under the stated rules.","{""action"":""continue"",""adsorbate_binding_indices"":[0],""conformers_per_site_cap"":4,""overlap_thr"":0.1,""relax_top_n"":1,""site_type"":""hollow"",""surface_binding_atoms"":[""Mo"",""Mo"",""Pd""],""touch_sphere_size"":2}",hollow | surface=Mo;Mo;Pd | adsorbate_idx=0,hollow,Mo;Mo;Pd,0,hollow (HCP/Subsurf-Atom),Mo;Mo;Pd,-3.623600721359253,0.00372314453125,False,False,False,0,"【✅ Perfect Adsorption】 hollow @ ['Mo', 'Mo', 'Pd'] (Index [0]) -> ⚠️ Geometric Slip: hollow -> hollow (HCP/Subsurf-Atom) [🌟 New Best] | E=-3.624 eV",research/results/basic_experiments/cmu20/gpt/full/01/artifacts/BEST_H_hollow_to_hollow_HCP-Subsurf-Atom_E-3.624.xyz,research/results/advanced_experiments/dft_iteration_alignment/cmu20_case01/structures/GPT_5.4/iter01_E-3.623601_hollow_to_hollow_HCP_Subsurf-Atom.xyz
01,GPT_5.4,full,research/results/basic_experiments/cmu20/gpt/full,success,-3.627323865890503,4,2,success,continue,"SMILES consistency check: the adsorbate is [H], i.e. atomic hydrogen, not a closed-shell molecule. This should be treated as a ReactiveSpecies. There is no mismatch between user intent and SMILES. For atomic hydrogen, the binding atom is the only H atom and it is the radical center, so using ReactiveSpecies is chemically consistent. The provided heavy atom index list is empty because hydrogen is not a heavy atom; for [H], the only valid adsorbate binding index is 0, and no alternative atom indices should be guessed. History analysis: one successful plan has already been tested, namely hollow with surface atoms ['Mo','Mo','Pd'], which geometrically slipped to an HCP/subsurface-related hollow and produced the current best energy of -3.624 eV. This indicates that one mixed hollow environment is very favorable. No chemical slip or bond-change failure is reported, so that result is valid. There is no [🔄 Converged to known best] tag, so termination is not yet mandatory. Since only one hollow environment has been explored and the alloy surface is heterogeneous, a distinct hollow environment remains plausible as a lower-energy candidate. The available untested high-symmetry options include ontop Mo, ontop Pd, bridge Mo-Mo, bridge Mo-Pd, and hollow Mo-Mo-Mo. For H on close-packed transition-metal alloys, hollow sites are often among the strongest adsorption motifs, so the most systematic next test is the other available hollow environment rather than jumping to clearly lower-coordination sites. User intent: find the lowest-energy adsorption configuration for atomic hydrogen on this Mo-Pd surface. Therefore I should continue with a new, untested, chemically sensible high-symmetry site. Plan: test the pure Mo threefold hollow, distinct from the previously tried mixed Mo-Mo-Pd hollow, using the single H atom as the binding center.","{""action"":""continue"",""adsorbate_binding_indices"":[0],""conformers_per_site_cap"":4,""overlap_thr"":0.1,""relax_top_n"":1,""site_type"":""hollow"",""surface_binding_atoms"":[""Mo"",""Mo"",""Mo""],""touch_sphere_size"":2}",hollow | surface=Mo;Mo;Mo | adsorbate_idx=0,hollow,Mo;Mo;Mo,0,bridge,Mo;Mo,-3.557255506515503,0.070068359375,False,True,False,0,"【✅ Perfect Adsorption】 hollow @ ['Mo', 'Mo', 'Mo'] (Index [0]) -> ⚠️【Unstable Site Warning】⚠️: Planned hollow (Mo-Mo-Mo) is unstable, adsorbate spontaneously slipped to bridge (Mo-Mo).This means Mo-Mo-Mo has insufficient affinity for this adsorbate. Please **FORBID** testing Mo-Mo-Mo type sites again! | E=-3.557 eV",research/results/basic_experiments/cmu20/gpt/full/01/artifacts/BEST_H_hollow_to_bridge_E-3.557.xyz,research/results/advanced_experiments/dft_iteration_alignment/cmu20_case01/structures/GPT_5.4/iter02_E-3.557256_hollow_to_bridge.xyz
01,GPT_5.4,full,research/results/basic_experiments/cmu20/gpt/full,success,-3.627323865890503,4,3,success,continue,"SMILES consistency check: the adsorbate is [H], i.e. atomic hydrogen, which is a radical species with one unpaired electron, so it should be treated as ReactiveSpecies. There is no hybridization mismatch issue here. For binding indices, the provided heavy atom index list is empty because hydrogen is not a heavy atom; however, the adsorbate still contains a single atom, so the only chemically valid binding atom is the hydrogen atom itself, index 0. History analysis: two hollow plans have already been tested. Hollow on Mo-Mo-Pd gave the current best energy, -3.624 eV, and relaxed to a hollow HCP/subsurface-influenced geometry. Hollow on Mo-Mo-Mo slipped to bridge Mo-Mo with -3.557 eV and was explicitly flagged as unstable, so Mo-Mo-Mo hollow must not be tested again. No ontop or explicit bridge starting plans have yet been tested. Since the best known site is a mixed-metal hollow involving Mo and Pd, a nearby mixed-metal bridge Mo-Pd is the most systematic untested high-symmetry candidate and could plausibly compete for H adsorption on a heterogeneous alloy surface. User intent is to find the lowest-energy adsorption configuration for atomic hydrogen on this Mo-Pd surface, so the next step should probe a distinct, chemically motivated untested site rather than repeat known hollow cases.","{""action"":""continue"",""adsorbate_binding_indices"":[0],""conformers_per_site_cap"":4,""overlap_thr"":0.1,""relax_top_n"":1,""site_type"":""bridge"",""surface_binding_atoms"":[""Mo"",""Pd""],""touch_sphere_size"":2}",bridge | surface=Mo;Pd | adsorbate_idx=0,bridge,Mo;Pd,0,hollow (HCP/Subsurf-Atom),Mo;Mo;Pd,-3.616886854171753,0.01043701171875,False,True,False,0,"【✅ Perfect Adsorption】 bridge @ ['Mo', 'Pd'] (Index [0]) -> ⚠️【Unstable Site Warning】⚠️: Planned bridge (Mo-Pd) is unstable, adsorbate spontaneously slipped to hollow (HCP/Subsurf-Atom) (Mo-Mo-Pd).This means Mo-Pd has insufficient affinity for this adsorbate. Please **FORBID** testing Mo-Pd type sites again! [⚠️ Energy Degenerate but Geometrically Distinct] | E=-3.617 eV",research/results/basic_experiments/cmu20/gpt/full/01/artifacts/BEST_H_bridge_to_hollow_HCP-Subsurf-Atom_E-3.617.xyz,research/results/advanced_experiments/dft_iteration_alignment/cmu20_case01/structures/GPT_5.4/iter03_E-3.616887_bridge_to_hollow_HCP_Subsurf-Atom.xyz
01,GPT_5.4,full,research/results/basic_experiments/cmu20/gpt/full,success,-3.627323865890503,4,4,success,continue,"SMILES consistency check: the adsorbate is atomic hydrogen, [H], which is a radical species rather than a closed-shell molecule. There is no hybridization mismatch issue. For a ReactiveSpecies plan, the binding atom must carry an unpaired electron; atomic H does, so ReactiveSpecies is appropriate. History analysis: tested hollow Mo-Mo-Pd and obtained the current best state, E = -3.624 eV, with geometric slip to an HCP/subsurface-associated hollow. Tested hollow Mo-Mo-Mo, which was explicitly flagged unstable and slipped to bridge Mo-Mo; therefore Mo-Mo-Mo hollow must be forbidden. Tested bridge Mo-Pd, which was explicitly flagged unstable and slipped to the Mo-Mo-Pd hollow; therefore Mo-Pd bridge must be forbidden. Since the available high-symmetry site families are ontop (Mo, Pd), bridge (Mo-Mo, Mo-Pd), and hollow (Mo-Mo-Mo, Mo-Mo-Pd), the only untested chemically distinct high-symmetry options that remain are ontop Mo, ontop Pd, and bridge Mo-Mo. Because the current best configuration is a multi-coordinated Mo-Mo-Pd hollow and atomic H commonly prefers higher coordination on transition-metal surfaces, a remaining plausible competitor is bridge Mo-Mo, especially since the failed Mo-Mo-Mo hollow relaxed there at a somewhat less favorable but still strong adsorption energy of -3.557 eV. This is a genuinely new plan and not forbidden by history. User intent is to find the lowest-energy adsorption configuration for atomic hydrogen on the Mo/Pd(111) slab by systematic site testing. Adsorbate analysis: RDKit heavy atom list is empty because hydrogen is not a heavy atom, so there is no heavy-atom index to use; however the adsorbate necessarily contains a single H atom as the only possible binding atom, so the only chemically valid binding index is 0. Surface analysis: bridge Mo-Mo exists in the provided site list. Therefore the next systematic test should be H at a Mo-Mo bridge.","{""action"":""continue"",""adsorbate_binding_indices"":[0],""conformers_per_site_cap"":4,""overlap_thr"":0.1,""relax_top_n"":1,""site_type"":""bridge"",""surface_binding_atoms"":[""Mo"",""Mo""],""touch_sphere_size"":2}",bridge | surface=Mo;Mo | adsorbate_idx=0,bridge,Mo;Mo,0,hollow (HCP/Subsurf-Atom),Mo;Mo;Pd,-3.627323865890503,0.0,True,True,False,0,"【✅ Perfect Adsorption】 bridge @ ['Mo', 'Mo'] (Index [0]) -> ⚠️【Unstable Site Warning】⚠️: Planned bridge (Mo-Mo) is unstable, adsorbate spontaneously slipped to hollow (HCP/Subsurf-Atom) (Mo-Mo-Pd).This means Mo-Mo has insufficient affinity for this adsorbate. Please **FORBID** testing Mo-Mo type sites again! [🌟 New Best] | E=-3.627 eV",research/results/basic_experiments/cmu20/gpt/full/01/artifacts/BEST_H_bridge_to_hollow_HCP-Subsurf-Atom_E-3.627.xyz,research/results/advanced_experiments/dft_iteration_alignment/cmu20_case01/structures/GPT_5.4/iter04_E-3.627324_bridge_to_hollow_HCP_Subsurf-Atom.xyz
01,Claude_Sonnet_4.6,full,research/results/basic_experiments/cmu20/claude/full,success,-3.630131483078003,4,1,success,continue,"Step 0 - SMILES Consistency Check: The SMILES is [H], representing atomic hydrogen. It is a radical species (ReactiveSpecies). The heavy atom list is empty [], but the constraint says adsorbate_binding_indices must have 1 or 2 indices for hollow sites. Since H is a single atom radical, I need to use index [0] to refer to the hydrogen atom itself (even though it's not a 'heavy' atom, it is the only atom and the binding atom). The rule states hollow must pair with 1 or 2 indices, so I must use [0] for the single H atom.

Step 1 - Analyze History: No previous attempts. First plan.

Step 2 - Formulate New Plan: For atomic hydrogen on Mo3Pd(111), hollow sites typically provide the strongest binding. I will start with Mo-Mo-Mo hollow site. Since H is a single atom, I use adsorbate_binding_indices=[0] (referring to the H atom at index 0).

Step 3 - Analyze Request: Find lowest-energy adsorption for atomic H.

Step 4 - Analyze Adsorbate: [H] is atomic hydrogen radical. Even though RDKit reports no heavy atoms, the H atom itself is at index 0 for binding purposes. Use adsorbate_binding_indices=[0].

Step 5 - Analyze Surface: Start with Mo-Mo-Mo hollow as it likely gives strongest binding for H on Mo-rich surface.

Step 6 - Plan: site_type='hollow', surface_binding_atoms=['Mo','Mo','Mo'], adsorbate_binding_indices=[0], relax_top_n=1.","{""action"":""continue"",""adsorbate_binding_indices"":[0],""conformers_per_site_cap"":4,""overlap_thr"":0.1,""relax_top_n"":1,""site_type"":""hollow"",""surface_binding_atoms"":[""Mo"",""Mo"",""Mo""],""touch_sphere_size"":2}",hollow | surface=Mo;Mo;Mo | adsorbate_idx=0,hollow,Mo;Mo;Mo,0,bridge,Mo;Mo,-3.557255506515503,0.0728759765625,False,True,False,0,"【✅ Perfect Adsorption】 hollow @ ['Mo', 'Mo', 'Mo'] (Index [0]) -> ⚠️【Unstable Site Warning】⚠️: Planned hollow (Mo-Mo-Mo) is unstable, adsorbate spontaneously slipped to bridge (Mo-Mo).This means Mo-Mo-Mo has insufficient affinity for this adsorbate. Please **FORBID** testing Mo-Mo-Mo type sites again! [🌟 New Best] | E=-3.557 eV",research/results/basic_experiments/cmu20/claude/full/01/artifacts/BEST_H_hollow_to_bridge_E-3.557.xyz,research/results/advanced_experiments/dft_iteration_alignment/cmu20_case01/structures/Claude_Sonnet_4.6/iter01_E-3.557256_hollow_to_bridge.xyz
01,Claude_Sonnet_4.6,full,research/results/basic_experiments/cmu20/claude/full,success,-3.630131483078003,4,2,success,continue,"Step 0 - SMILES Consistency Check: The SMILES is [H], which is a hydrogen radical (atomic hydrogen). The heavy atom index list is empty [], confirming there are no heavy atoms. The hydrogen atom itself is the binding atom. It has an unpaired electron, so adsorbate_type should be 'ReactiveSpecies'. The binding index for H in [H] is index 0 (the H atom itself, even though it's not a 'heavy' atom, it is the only atom and the binding atom).

Step 1 - Analyze Old Plans: The only attempt so far planned hollow @ Mo-Mo-Mo, which resulted in an unstable site warning - the adsorbate slipped to a bridge (Mo-Mo) site. The actual configuration that formed was a Mo-Mo bridge, with E=-3.557 eV. This is currently the best energy. Mo-Mo-Mo hollow sites are FORBIDDEN.

Step 2 - Formulate New Plan: The available untested sites are:
- Ontop: Mo, Pd
- Bridge: Mo-Mo (already effectively sampled via slip from hollow), Mo-Pd
- Hollow: Mo-Mo-Pd (Mo-Mo-Mo is forbidden)

Since the Mo-Mo bridge was already sampled (via slip), I should now try:
1. Mo-Mo-Pd hollow - this is a distinct hollow site with mixed composition
2. Mo-Pd bridge
3. Ontop Mo or Pd

The most promising untested site is the Mo-Mo-Pd hollow, as hollow sites generally bind atomic H strongly on transition metal surfaces. Let me try this next.

Step 3 - User Intent: Find the lowest energy adsorption configuration for atomic hydrogen.

Step 4 - Adsorbate Analysis: [H] is atomic hydrogen, a radical. Heavy atom list is empty. The H atom is index 0 in the adsorbate. It has an unpaired electron, confirming ReactiveSpecies type. adsorbate_binding_indices = [0].

Step 5 - Surface Analysis: Available sites include hollow Mo-Mo-Pd which has not been tested yet.

Step 6 - Plan: Try hollow @ Mo-Mo-Pd site. This is a 3-fold hollow with mixed Mo-Mo-Pd composition, distinct from the Mo-Mo-Mo hollow already tested. The adsorbate binding index is [0] (the H atom). site_type='hollow', surface_binding_atoms=['Mo','Mo','Pd'], adsorbate_binding_indices=[0].","{""action"":""continue"",""adsorbate_binding_indices"":[0],""conformers_per_site_cap"":4,""overlap_thr"":0.1,""relax_top_n"":1,""site_type"":""hollow"",""surface_binding_atoms"":[""Mo"",""Mo"",""Pd""],""touch_sphere_size"":2}",hollow | surface=Mo;Mo;Pd | adsorbate_idx=0,hollow,Mo;Mo;Pd,0,hollow (HCP/Subsurf-Atom),Mo;Mo;Pd,-3.623600721359253,0.00653076171875,False,False,False,0,"【✅ Perfect Adsorption】 hollow @ ['Mo', 'Mo', 'Pd'] (Index [0]) -> ⚠️ Geometric Slip: hollow -> hollow (HCP/Subsurf-Atom) [🌟 New Best] | E=-3.624 eV",research/results/basic_experiments/cmu20/claude/full/01/artifacts/BEST_H_hollow_to_hollow_HCP-Subsurf-Atom_E-3.624.xyz,research/results/advanced_experiments/dft_iteration_alignment/cmu20_case01/structures/Claude_Sonnet_4.6/iter02_E-3.623601_hollow_to_hollow_HCP_Subsurf-Atom.xyz
01,Claude_Sonnet_4.6,full,research/results/basic_experiments/cmu20/claude/full,success,-3.630131483078003,4,3,success,continue,"Step 0 - SMILES Consistency Check: The SMILES is [H], which is atomic hydrogen - a single hydrogen atom with one unpaired electron (radical). This is a ReactiveSpecies. The heavy atom index list is empty [] since H is not a heavy atom, but the hydrogen itself is the binding atom at index 0 (the only atom in the adsorbate).

Step 1 - Analyze History:
- Attempt 1: hollow @ Mo-Mo-Mo -> UNSTABLE, slipped to bridge (Mo-Mo), E=-3.557 eV. Mo-Mo-Mo hollow sites are FORBIDDEN.
- Attempt 2: hollow @ Mo-Mo-Pd -> Geometric slip to hollow (HCP/Subsurf-Atom), E=-3.624 eV. This is the current best energy.

Step 2 - Formulate New Plan:
Tested so far: hollow (Mo-Mo-Mo) [forbidden/unstable], hollow (Mo-Mo-Pd) [best at -3.624 eV].
Remaining untested sites from the available list:
- Ontop: Mo
- Ontop: Pd
- Bridge: Mo-Mo
- Bridge: Mo-Pd

Note that Mo-Mo-Mo hollow slipped to bridge Mo-Mo, giving E=-3.557 eV. The Mo-Mo-Pd hollow gave -3.624 eV (best). I should now test the bridge and ontop sites to see if any can beat -3.624 eV.

For atomic H on transition metal surfaces, bridge and hollow sites are typically preferred over ontop. The Mo-Mo bridge site is interesting since the Mo-Mo-Mo hollow slipped there. Let me try the Mo-Pd bridge site as it hasn't been tested and may offer a different chemical environment. Actually, let me try the Mo-Mo bridge directly since that's where the hollow slipped to - but that result is already captured in attempt 1 (E=-3.557 eV).

Let me try the ontop Mo site or bridge Mo-Pd. The Mo-Pd bridge is a new environment not yet tested. Given that Mo-Mo-Pd hollow gave the best energy (-3.624 eV), exploring Mo-Pd bridge could be informative. However, bridge sites for H are often less stable than hollow on close-packed surfaces.

I'll test the bridge Mo-Pd site as it's a completely new environment.

Step 3 - User Intent: Find lowest energy adsorption for atomic H on Mo3Pd(111).

Step 4 - Adsorbate: [H] is atomic hydrogen, ReactiveSpecies, binding index is [0] (the H atom itself, index 0 in the adsorbate).

Step 5 - Surface: Available untested sites: ontop Mo, ontop Pd, bridge Mo-Mo (already effectively sampled via slip), bridge Mo-Pd.

Step 6 - Plan: Try bridge Mo-Pd site. This is a new chemical environment not yet explored. adsorbate_binding_indices = [0] for the H atom.","{""action"":""continue"",""adsorbate_binding_indices"":[0],""conformers_per_site_cap"":4,""overlap_thr"":0.1,""relax_top_n"":1,""site_type"":""bridge"",""surface_binding_atoms"":[""Mo"",""Pd""],""touch_sphere_size"":2}",bridge | surface=Mo;Pd | adsorbate_idx=0,bridge,Mo;Pd,0,hollow (HCP/Subsurf-Atom),Mo;Mo;Pd,-3.616886854171753,0.01324462890625,False,True,False,0,"【✅ Perfect Adsorption】 bridge @ ['Mo', 'Pd'] (Index [0]) -> ⚠️【Unstable Site Warning】⚠️: Planned bridge (Mo-Pd) is unstable, adsorbate spontaneously slipped to hollow (HCP/Subsurf-Atom) (Mo-Mo-Pd).This means Mo-Pd has insufficient affinity for this adsorbate. Please **FORBID** testing Mo-Pd type sites again! [⚠️ Energy Degenerate but Geometrically Distinct] | E=-3.617 eV",research/results/basic_experiments/cmu20/claude/full/01/artifacts/BEST_H_bridge_to_hollow_HCP-Subsurf-Atom_E-3.617.xyz,research/results/advanced_experiments/dft_iteration_alignment/cmu20_case01/structures/Claude_Sonnet_4.6/iter03_E-3.616887_bridge_to_hollow_HCP_Subsurf-Atom.xyz
01,Claude_Sonnet_4.6,full,research/results/basic_experiments/cmu20/claude/full,success,-3.630131483078003,4,4,success,continue,"Step 0: SMILES [H] represents atomic hydrogen, a radical species with one unpaired electron. No heavy atoms, so adsorbate_binding_indices will be [0] referring to the H atom itself (index 0 in the full atom list including H). Wait - the heavy atom index list is empty [], meaning H is index 0 in the full molecule. For ReactiveSpecies, we use the H atom at index 0.

Step 1: Analyze history:
- hollow @ Mo-Mo-Mo (Index [0]): UNSTABLE - slipped to bridge Mo-Mo. E=-3.557 eV. FORBIDDEN site type Mo-Mo-Mo.
- hollow @ Mo-Mo-Pd (Index [0]): Geometric slip hollow->hollow(HCP/Subsurf-Atom). E=-3.624 eV. Current BEST.
- bridge @ Mo-Pd (Index [0]): UNSTABLE - slipped to hollow(HCP/Subsurf-Atom) Mo-Mo-Pd. E=-3.617 eV. FORBIDDEN site type Mo-Pd bridge.

So tested sites: Mo-Mo-Mo hollow (forbidden), Mo-Mo-Pd hollow (best, -3.624 eV), Mo-Pd bridge (forbidden, slipped to Mo-Mo-Pd hollow).

Remaining untested sites from available list:
- Ontop: Mo, Pd
- Bridge: Mo-Mo (this is where Mo-Mo-Mo hollow slipped to, so it was effectively sampled)
- Hollow: Mo-Mo-Pd already tested

Untested: ontop Mo, ontop Pd, bridge Mo-Mo (explicitly listed as available and not directly tested as a planned site - though Mo-Mo-Mo hollow slipped there).

Step 2: The bridge Mo-Mo was reached via slip from Mo-Mo-Mo hollow at E=-3.557 eV, which is lower than the current best of -3.624 eV. The ontop sites (Mo and Pd) have not been tested. Let me consider whether to test ontop sites.

For atomic H, ontop sites are typically less stable than hollow/bridge on transition metals. However, ontop Pd or Mo haven't been tested. The current best is -3.624 eV at Mo-Mo-Pd hollow.

The available sites list shows: ontop Mo, ontop Pd as untested. Bridge Mo-Mo was effectively sampled (via slip).

Given that hollow Mo-Mo-Pd is the best at -3.624 eV, and ontop sites are generally weaker for H adsorption, I should test ontop Mo and ontop Pd to be thorough. Let me try ontop Mo first as Mo is more reactive.

Actually, looking at the convergence principle: we have tested all hollow sites (Mo-Mo-Mo forbidden/unstable, Mo-Mo-Pd tested), all bridge sites (Mo-Pd forbidden/unstable, Mo-Mo effectively sampled via slip). The only untested planned sites are ontop Mo and ontop Pd. These are typically higher energy for H. But I should test at least one more before terminating.

Let me try ontop Mo as it may give a different energy landscape.","{""action"":""continue"",""adsorbate_binding_indices"":[0],""conformers_per_site_cap"":4,""overlap_thr"":0.1,""relax_top_n"":1,""site_type"":""ontop"",""surface_binding_atoms"":[""Mo""],""touch_sphere_size"":2}",ontop | surface=Mo | adsorbate_idx=0,ontop,Mo,0,hollow (HCP/Subsurf-Atom),Mo;Mo;Pd,-3.630131483078003,0.0,True,True,False,0,"【✅ Perfect Adsorption】 ontop @ ['Mo'] (Index [0]) -> ⚠️【Unstable Site Warning】⚠️: Planned ontop (Mo) is unstable, adsorbate spontaneously slipped to hollow (HCP/Subsurf-Atom) (Mo-Mo-Pd).This means Mo has insufficient affinity for this adsorbate. Please **FORBID** testing Mo type sites again! [🌟 New Best] | E=-3.630 eV",research/results/basic_experiments/cmu20/claude/full/01/artifacts/BEST_H_ontop_to_hollow_HCP-Subsurf-Atom_E-3.630.xyz,research/results/advanced_experiments/dft_iteration_alignment/cmu20_case01/structures/Claude_Sonnet_4.6/iter04_E-3.630131_ontop_to_hollow_HCP_Subsurf-Atom.xyz
01,Grok_4,full,research/results/basic_experiments/cmu20/grok/full,success,-3.6317179203033447,5,1,success,continue,"Step 0: SMILES Consistency Check. SMILES is [H], representing atomic hydrogen, a radical with one unpaired electron. The heavy atom index list is empty as H is not a heavy atom, but the molecule has only one atom at index 0. For ReactiveSpecies, the binding atom [0] has unpaired electrons, which is correct. No hybridization mismatch. Step 1: Analyze Old Plans. History is None, so no previous attempts, successes, failures, or tags. No unstable sites identified yet. Step 2: Formulate New Plan. This is the first attempt, so propose an initial plan aiming for a potentially stable site. Atomic hydrogen often prefers high-coordination sites like hollow on metal surfaces. Given the alloy surface with Mo and Pd, start with a mixed hollow site (Mo-Mo-Pd) to explore potential preference for heterogeneous environments. Avoid repeating any plans (none exist). Step 3: Analyze Request. User's core intent is to find the lowest-energy adsorption configuration for atomic hydrogen on the Mo3Pd(111) surface. Step 4: Analyze Adsorbate. SMILES [H]: atomic hydrogen, no major functional groups, radical species. Heavy atom index list: []. The binding index is [0] for the H atom. Step 5: Analyze Surface. Available hollow sites: Mo-Mo-Mo, Mo-Mo-Pd. Selecting Mo-Mo-Pd for this plan. Step 6: Formulate Plan. adsorbate_type: ReactiveSpecies (radical). site_type: hollow (Hollow-3). surface_binding_atoms: ['Mo', 'Mo', 'Pd']. adsorbate_binding_indices: [0] (single binding point for atomic H). Defaults for other parameters.","{""action"":""continue"",""adsorbate_binding_indices"":[0],""conformers_per_site_cap"":4,""overlap_thr"":0.1,""relax_top_n"":1,""site_type"":""hollow"",""surface_binding_atoms"":[""Mo"",""Mo"",""Pd""],""touch_sphere_size"":2}",hollow | surface=Mo;Mo;Pd | adsorbate_idx=0,hollow,Mo;Mo;Pd,0,hollow (HCP/Subsurf-Atom),Mo;Mo;Pd,-3.6311075687408447,0.0006103515625,False,False,False,0,"【✅ Perfect Adsorption】 hollow @ ['Mo', 'Mo', 'Pd'] (Index [0]) -> ⚠️ Geometric Slip: hollow -> hollow (HCP/Subsurf-Atom) [🌟 New Best] | E=-3.631 eV",,
01,Grok_4,full,research/results/basic_experiments/cmu20/grok/full,success,-3.6317179203033447,5,2,success,continue,"Step 0: SMILES Consistency Check. SMILES is [H], representing atomic hydrogen, a radical with one unpaired electron. The heavy atom index list is empty as hydrogen is not a heavy atom. No hybridization mismatch with user request for atomic hydrogen. Radical check: The binding atom (H at index 0) has unpaired electrons, suitable for ReactiveSpecies.
Step 1: Analyze Old Plans. History shows one successful attempt: hollow site with ['Mo', 'Mo', 'Pd'], which experienced geometric slip to hollow (HCP/Subsurf-Atom), achieving E = -3.631 eV (new best). This indicates the initial Mo-Mo-Pd hollow is unstable and slips, but resulted in a stable configuration. No failed attempts. No termination signals like [🔄 Converged to known best]. Surface heterogeneity in Mo3Pd alloy suggests testing chemically distinct environments. Hard attempt limit is 5; this is attempt 2.
Step 2: Formulate New Plan. Goal is lowest adsorption energy. Previous plan was hollow ['Mo', 'Mo', 'Pd']. Propose a new, different plan: hollow with ['Mo', 'Mo', 'Mo'] to explore heterogeneity. Avoid repeating unstable sites without reason. No evidence of convergence to same geometry across sites yet.
Step 3: Analyze Request. User's intent is to find the lowest-energy adsorption configuration for atomic hydrogen on the surface.
Step 4: Analyze Adsorbate. SMILES [H]: Single hydrogen atom, radical. No major functional groups. Binding via index [0] (the H atom).
Step 5: Analyze Surface. Available hollow sites: Mo-Mo-Mo, Mo-Mo-Pd. Previous tested Mo-Mo-Pd; now test Mo-Mo-Mo.
Step 6: Formulate Plan. Select hollow site with three Mo atoms for heterogeneity exploration. Adsorbate is ReactiveSpecies (radical). Binding indices [0] for single-atom adsorption.","{""action"":""continue"",""adsorbate_binding_indices"":[0],""conformers_per_site_cap"":4,""overlap_thr"":0.1,""relax_top_n"":1,""site_type"":""hollow"",""surface_binding_atoms"":[""Mo"",""Mo"",""Mo""],""touch_sphere_size"":2}",hollow | surface=Mo;Mo;Mo | adsorbate_idx=0,hollow,Mo;Mo;Mo,0,bridge,Mo;Mo,-3.5663492679595947,0.06536865234375,False,True,False,0,"【✅ Perfect Adsorption】 hollow @ ['Mo', 'Mo', 'Mo'] (Index [0]) -> ⚠️【Unstable Site Warning】⚠️: Planned hollow (Mo-Mo-Mo) is unstable, adsorbate spontaneously slipped to bridge (Mo-Mo).This means Mo-Mo-Mo has insufficient affinity for this adsorbate. Please **FORBID** testing Mo-Mo-Mo type sites again! | E=-3.566 eV",,
01,Grok_4,full,research/results/basic_experiments/cmu20/grok/full,success,-3.6317179203033447,5,3,success,continue,"Step 0: SMILES Consistency Check. SMILES is [H], atomic hydrogen, a radical with one unpaired electron. RDKit heavy atom list is empty, as H is not heavy, but the atom index is 0. No hybridization mismatch. Radical confirmed, so use 'ReactiveSpecies'. Step 1: Analyze Old Plans. Tested hollow Mo-Mo-Pd (slipped to hollow HCP/Subsurf-Atom, E=-3.631 eV, new best). Tested hollow Mo-Mo-Mo (unstable, slipped to bridge Mo-Mo, E=-3.566 eV; forbid Mo-Mo-Mo sites). No failures due to reactivity changes. No convergence or degenerate tags indicating termination. Surface is heterogeneous alloy, so different environments may yield different energies. Step 2: Formulate New Plan. Goal is lowest energy for atomic H. Avoid forbidden Mo-Mo-Mo. Previous hollow Mo-Mo-Pd is best at -3.631 eV. The slip to bridge Mo-Mo from Mo-Mo-Mo suggests bridge Mo-Mo is stable but higher energy. Propose new plan: bridge Mo-Pd, untested, as mixed sites may offer better binding due to Pd's affinity for H. Physical consistency: no issues. Step 3: User intent is lowest-energy adsorption of atomic H. Step 4: Adsorbate [H] is single radical atom, binding via index 0. Step 5: Surface has available bridge Mo-Pd. Step 6: Plan bridge site with ['Mo', 'Pd'], single binding index [0] for atomic H.","{""action"":""continue"",""adsorbate_binding_indices"":[0],""conformers_per_site_cap"":4,""overlap_thr"":0.1,""relax_top_n"":1,""site_type"":""bridge"",""surface_binding_atoms"":[""Mo"",""Pd""],""touch_sphere_size"":2}",bridge | surface=Mo;Pd | adsorbate_idx=0,bridge,Mo;Pd,0,hollow (HCP/Subsurf-Atom),Mo;Mo;Pd,-3.6317179203033447,0.0,True,True,False,0,"【✅ Perfect Adsorption】 bridge @ ['Mo', 'Pd'] (Index [0]) -> ⚠️【Unstable Site Warning】⚠️: Planned bridge (Mo-Pd) is unstable, adsorbate spontaneously slipped to hollow (HCP/Subsurf-Atom) (Mo-Mo-Pd).This means Mo-Pd has insufficient affinity for this adsorbate. Please **FORBID** testing Mo-Pd type sites again! [🌟 New Best] | E=-3.632 eV",,
01,Grok_4,full,research/results/basic_experiments/cmu20/grok/full,success,-3.6317179203033447,5,4,success,continue,"Step 0: SMILES Consistency Check. SMILES is [H], representing atomic hydrogen, a radical with one unpaired electron. No heavy atoms, so index list is []. Hybridization not applicable. Radical confirmed, suitable for ReactiveSpecies. Step 1: Analyze Old Plans. Tested: hollow Mo-Mo-Pd (slipped to hollow HCP/Subsurf-Atom, E=-3.631 eV, new best); hollow Mo-Mo-Mo (unstable, slipped to bridge Mo-Mo, E=-3.566 eV, forbid Mo-Mo-Mo); bridge Mo-Pd (unstable, slipped to hollow Mo-Mo-Pd, E=-3.632 eV, new best, forbid Mo-Pd). Succeeded as perfect adsorptions but with slips and warnings. Best energy is -3.632 eV at hollow Mo-Mo-Pd (from slip). No [🔄 Converged to known best] tag, so do not terminate. Energies for hollow Mo-Mo-Pd are very close (-3.631 and -3.632 eV), likely numerical noise, but geometrically noted as slip to HCP/Subsurf-Atom. Bridge Mo-Mo appeared as a slip with higher energy (-3.566 eV). Untested major sites: ontop Mo, ontop Pd, and direct bridge Mo-Mo. Avoid forbidden sites. Surface heterogeneity in Mo3Pd alloy may lead to different environments, but index [0] used so far. Step 2: Formulate New Plan. Goal is lowest energy. Hollow Mo-Mo-Pd is current best. To systematically explore, test untested ontop sites. Choose ontop Pd first, as Pd is involved in the best hollow site and may offer competitive binding for H. Avoid repeating previous plans. No strong reason to retry forbidden or higher-energy sites. Step 3: User intent is lowest-energy adsorption of atomic H. Step 4: Adsorbate [H] is atomic hydrogen radical. No heavy atoms, binding via index 0. Step 5: Available sites include ontop Pd. Step 6: Plan ontop site with Pd, single binding index for atomic H.","{""action"":""continue"",""adsorbate_binding_indices"":[0],""conformers_per_site_cap"":4,""overlap_thr"":0.1,""relax_top_n"":1,""site_type"":""ontop"",""surface_binding_atoms"":[""Pd""],""touch_sphere_size"":2}",ontop | surface=Pd | adsorbate_idx=0,ontop,Pd,0,hollow (HCP/Subsurf-Atom),Mo;Mo;Pd,-3.6285440921783447,0.003173828125,False,True,False,0,"【✅ Perfect Adsorption】 ontop @ ['Pd'] (Index [0]) -> ⚠️【Unstable Site Warning】⚠️: Planned ontop (Pd) is unstable, adsorbate spontaneously slipped to hollow (HCP/Subsurf-Atom) (Mo-Mo-Pd).This means Pd has insufficient affinity for this adsorbate. Please **FORBID** testing Pd type sites again! [⚠️ Energy Degenerate but Geometrically Distinct] | E=-3.629 eV",,
01,Grok_4,full,research/results/basic_experiments/cmu20/grok/full,success,-3.6317179203033447,5,5,success,continue,"Step 0: SMILES Consistency Check. The SMILES is [H], representing atomic hydrogen, which is a radical with one unpaired electron. No heavy atoms, so index list is []. Hybridization is not applicable for atomic H. It has radical electrons, suitable for ReactiveSpecies.
Step 1: Analyze Old Plans. Tested sites: hollow Mo-Mo-Pd (slipped to hollow HCP/Subsurf-Atom, E=-3.631 eV), hollow Mo-Mo-Mo (unstable, slipped to bridge Mo-Mo, E=-3.566 eV, forbid Mo-Mo-Mo), bridge Mo-Pd (unstable, slipped to hollow Mo-Mo-Pd, E=-3.632 eV, forbid Mo-Pd), ontop Pd (unstable, slipped to hollow Mo-Mo-Pd, E=-3.629 eV, forbid Pd). All successful adsorptions converged to similar hollow Mo-Mo-Pd configurations with close energies (~ -3.63 eV), except the slipped bridge Mo-Mo which is higher energy (-3.566 eV). No [🔄 Converged to known best] tag, but some [⚠️ Energy Degenerate but Geometrically Distinct]. Best energy is -3.632 eV. Remaining untested sites: ontop Mo, bridge Mo-Mo. Surface is heterogeneous alloy, so different environments possible. Since not all major sites tested and energies are close but distinct, continue to explore.
Step 2: Formulate New Plan. Avoid forbidden sites (Mo-Mo-Mo, Mo-Pd, Pd). Propose new plan: ontop Mo, as it hasn't been tested and Mo shows higher affinity than Pd. All previous slipped to Mo-rich hollows, but ontop Mo might be stable or reveal lower energy. This is different from all previous plans. Hard limit is 5 attempts, history has 4, so this is the 5th.
Step 3: Analyze Request. User's intent is to find the lowest-energy adsorption configuration for atomic hydrogen on the surface.
Step 4: Analyze Adsorbate. SMILES [H]: atomic hydrogen, no functional groups, radical. Heavy atom indices: []. Binding via the single H atom at index 0.
Step 5: Analyze Surface. Available: ontop Mo (untested), bridge Mo-Mo (untested), hollow Mo-Mo-Pd (tested).
Step 6: Formulate Plan. Select ontop site with surface_binding_atoms ['Mo'], adsorbate_binding_indices [0] for mono-binding radical.
","{""action"":""continue"",""adsorbate_binding_indices"":[0],""conformers_per_site_cap"":4,""overlap_thr"":0.1,""relax_top_n"":1,""site_type"":""ontop"",""surface_binding_atoms"":[""Mo""],""touch_sphere_size"":2}",ontop | surface=Mo | adsorbate_idx=0,ontop,Mo,0,bridge,Mo;Mo,-3.5617105960845947,0.07000732421875,False,True,False,0,"【✅ Perfect Adsorption】 ontop @ ['Mo'] (Index [0]) -> ⚠️【Unstable Site Warning】⚠️: Planned ontop (Mo) is unstable, adsorbate spontaneously slipped to bridge (Mo-Mo).This means Mo has insufficient affinity for this adsorbate. Please **FORBID** testing Mo type sites again! | E=-3.562 eV",,
