case_id,slab_file,smiles,user_request,surface_family,adsorbate_name,miller_index,reaction_class,status,best_energy_eV,iteration_count,max_attempts,perfect_count,dissociation_count,rearrangement_count,calc_failure_count,chemical_slip_count,final_site_type,converged_tag,wall_clock_sec,total_input_tokens,total_output_tokens,best_structure_file,generated_conformers_file,relaxation_trajectory_file
01,benchmark_slabs/01_Mo3Pd_111.xyz,[H],Find the lowest-energy adsorption configuration for atomic hydrogen on the provided surface.,intermetallic,H,(111),HER,success,-3.557255506515503,1,1,1,0,0,0,1,bridge,False,42.533042300492525,3616,1159,research/results/cmu_v1_openai_gpt54_one_shot/01/artifacts/BEST_H_hollow_to_bridge_E-3.557.xyz,,research/results/cmu_v1_openai_gpt54_one_shot/01/artifacts/relaxation.traj
02,benchmark_slabs/02_Mo3Pd_111.xyz,[N]=[NH],Find the lowest-energy adsorption configuration for NNH on the provided surface.,intermetallic,NNH,(111),NRR,success,-4.342861175537109,1,1,1,0,0,0,1,hollow (FCC/No-Subsurf),False,92.6581492125988,3704,1050,research/results/cmu_v1_openai_gpt54_one_shot/02/artifacts/BEST_N_NH_ontop_to_hollow_FCC-No-Subsurf_E-4.343.xyz,,research/results/cmu_v1_openai_gpt54_one_shot/02/artifacts/relaxation.traj
03,benchmark_slabs/03_Pd3Cu_111.xyz,[H],Find the lowest-energy adsorption configuration for atomic hydrogen on the provided surface.,intermetallic,H,(111),HER,success,-3.351963758468628,1,1,1,0,0,0,0,hollow (FCC/No-Subsurf),False,29.005979869514704,3674,1074,research/results/cmu_v1_openai_gpt54_one_shot/03/artifacts/BEST_H_hollow_to_hollow_FCC-No-Subsurf_E-3.352.xyz,,research/results/cmu_v1_openai_gpt54_one_shot/03/artifacts/relaxation.traj
04,benchmark_slabs/04_Pd3Cu_111.xyz,[N]=[NH],Find the lowest-energy adsorption configuration for NNH on the provided surface.,intermetallic,NNH,(111),NRR,success,-2.2427330017089844,1,1,1,0,0,0,1,hollow (FCC/No-Subsurf),False,51.25044276565313,3904,1231,research/results/cmu_v1_openai_gpt54_one_shot/04/artifacts/BEST_N_NH_hollow_to_hollow_FCC-No-Subsurf_E-2.243.xyz,,research/results/cmu_v1_openai_gpt54_one_shot/04/artifacts/relaxation.traj
05,benchmark_slabs/05_Cu3Ag_111.xyz,[H],Find the lowest-energy adsorption configuration for atomic hydrogen on the provided surface.,intermetallic,H,(111),HER,success,-2.8426101207733154,1,1,1,0,0,0,0,hollow (FCC/No-Subsurf),False,39.20240023359656,3617,969,research/results/cmu_v1_openai_gpt54_one_shot/05/artifacts/BEST_H_hollow_to_hollow_FCC-No-Subsurf_E-2.843.xyz,,research/results/cmu_v1_openai_gpt54_one_shot/05/artifacts/relaxation.traj
06,benchmark_slabs/06_Cu3Ag_111.xyz,[N]=[NH],Find the lowest-energy adsorption configuration for NNH on the provided surface.,intermetallic,NNH,(111),NRR,failed,,1,1,0,1,0,0,0,,False,75.20892688259482,3701,1074,research/results/cmu_v1_openai_gpt54_one_shot/06/artifacts/BEST_N_NH_ontop_DISS_E-2.589.xyz,,research/results/cmu_v1_openai_gpt54_one_shot/06/artifacts/relaxation.traj
07,benchmark_slabs/07_Ru3Mo_111.xyz,[H],Find the lowest-energy adsorption configuration for atomic hydrogen on the provided surface.,intermetallic,H,(111),HER,success,-6.883122205734253,1,1,1,0,0,0,1,ontop,False,47.67606819793582,3678,1052,research/results/cmu_v1_openai_gpt54_one_shot/07/artifacts/BEST_H_hollow_to_ontop_E-6.883.xyz,,research/results/cmu_v1_openai_gpt54_one_shot/07/artifacts/relaxation.traj
08,benchmark_slabs/08_Ru3Mo_111.xyz,[N]=[NH],Find the lowest-energy adsorption configuration for NNH on the provided surface.,intermetallic,NNH,(111),NRR,failed,,1,1,0,1,0,0,0,,False,91.01577943190932,3766,993,research/results/cmu_v1_openai_gpt54_one_shot/08/artifacts/BEST_N_NH_ontop_DISS_E-8.466.xyz,,research/results/cmu_v1_openai_gpt54_one_shot/08/artifacts/relaxation.traj
09,benchmark_slabs/09_Pt_111.xyz,[OH],Find the lowest-energy adsorption configuration for hydroxyl radical on the provided surface.,monometallic,OH,(111),ORR,success,-1.8037338256835938,1,1,1,0,0,0,0,ontop,False,96.33321133628488,3473,1037,research/results/cmu_v1_openai_gpt54_one_shot/09/artifacts/BEST_OH_ontop_E-1.804.xyz,,research/results/cmu_v1_openai_gpt54_one_shot/09/artifacts/relaxation.traj
10,benchmark_slabs/10_Pt_100.xyz,[OH],Find the lowest-energy adsorption configuration for hydroxyl radical on the provided surface.,monometallic,OH,(100),ORR,success,-2.7176666259765625,1,1,1,0,0,0,0,bridge,False,36.52156110852957,3601,1109,research/results/cmu_v1_openai_gpt54_one_shot/10/artifacts/BEST_OH_bridge_E-2.718.xyz,,research/results/cmu_v1_openai_gpt54_one_shot/10/artifacts/relaxation.traj
11,benchmark_slabs/11_Pd_111.xyz,[OH],Find the lowest-energy adsorption configuration for hydroxyl radical on the provided surface.,monometallic,OH,(111),ORR,success,-2.4184722900390625,1,1,1,0,0,0,0,hollow (FCC/No-Subsurf),False,38.65257262811065,3584,1032,research/results/cmu_v1_openai_gpt54_one_shot/11/artifacts/BEST_OH_hollow_to_hollow_FCC-No-Subsurf_E-2.418.xyz,,research/results/cmu_v1_openai_gpt54_one_shot/11/artifacts/relaxation.traj
12,benchmark_slabs/12_Au_111.xyz,[OH],Find the lowest-energy adsorption configuration for hydroxyl radical on the provided surface.,monometallic,OH,(111),ORR,success,-2.0813217163085938,1,1,1,0,0,0,1,hollow (FCC/No-Subsurf),False,45.9723457954824,3608,1097,research/results/cmu_v1_openai_gpt54_one_shot/12/artifacts/BEST_OH_ontop_to_hollow_FCC-No-Subsurf_E-2.081.xyz,,research/results/cmu_v1_openai_gpt54_one_shot/12/artifacts/relaxation.traj
13,benchmark_slabs/13_Ag_100.xyz,[OH],Find the lowest-energy adsorption configuration for hydroxyl radical on the provided surface.,monometallic,OH,(100),ORR,success,-2.8078689575195312,1,1,1,0,0,0,1,hollow (HCP/Subsurf-Atom),False,40.29992288723588,3662,1124,research/results/cmu_v1_openai_gpt54_one_shot/13/artifacts/BEST_OH_bridge_to_hollow_HCP-Subsurf-Atom_E-2.808.xyz,,research/results/cmu_v1_openai_gpt54_one_shot/13/artifacts/relaxation.traj
14,benchmark_slabs/14_CoPt_111.xyz,[OH],Find the lowest-energy adsorption configuration for hydroxyl radical on the provided surface.,intermetallic,OH,(111),ORR,success,-3.4303741455078125,1,1,1,0,0,0,1,bridge,False,49.721978057175875,3641,1183,research/results/cmu_v1_openai_gpt54_one_shot/14/artifacts/BEST_OH_hollow_to_bridge_E-3.430.xyz,,research/results/cmu_v1_openai_gpt54_one_shot/14/artifacts/relaxation.traj
15,benchmark_slabs/15_Cu6Ga2_100.xyz,[CH2]CO,Find the lowest-energy adsorption configuration for the 2-hydroxyethyl radical on the provided surface.,intermetallic,CH2CH2OH,(100),COMPLEX,success,-2.9636917114257812,1,1,1,0,0,0,0,ontop,False,87.24129596725106,3686,1070,research/results/cmu_v1_openai_gpt54_one_shot/15/artifacts/BEST_CH2CO_ontop_E-2.964.xyz,,research/results/cmu_v1_openai_gpt54_one_shot/15/artifacts/relaxation.traj
16,benchmark_slabs/16_Au2Hf_102.xyz,[CH2]CO,Find the lowest-energy adsorption configuration for the 2-hydroxyethyl radical on the provided surface.,intermetallic,CH2CH2OH,(102),COMPLEX,success,-4.662910461425781,1,1,1,0,0,0,0,ontop,False,67.81010710820556,3872,1130,research/results/cmu_v1_openai_gpt54_one_shot/16/artifacts/BEST_CH2CO_ontop_E-4.663.xyz,,research/results/cmu_v1_openai_gpt54_one_shot/16/artifacts/relaxation.traj
17,benchmark_slabs/17_Rh2Ti2_111.xyz,CC=O,Find the lowest-energy adsorption configuration for acetaldehyde on the provided surface.,intermetallic,OCHCH3,(111),COMPLEX,success,-2.692474365234375,1,1,1,0,0,0,1,bridge,False,47.03027582541108,3715,1143,research/results/cmu_v1_openai_gpt54_one_shot/17/artifacts/BEST_CC_O_ontop_to_bridge_E-2.692.xyz,,research/results/cmu_v1_openai_gpt54_one_shot/17/artifacts/relaxation.traj
18,benchmark_slabs/18_Al3Zr_101.xyz,CC=O,Find the lowest-energy adsorption configuration for acetaldehyde on the provided surface.,intermetallic,OCHCH3,(101),COMPLEX,success,-2.5189666748046875,1,1,1,0,0,0,1,bridge,False,52.61433617398143,3721,1186,research/results/cmu_v1_openai_gpt54_one_shot/18/artifacts/BEST_CC_O_ontop_to_bridge_E-2.519.xyz,,research/results/cmu_v1_openai_gpt54_one_shot/18/artifacts/relaxation.traj
19,benchmark_slabs/19_Hf2Zn6_110.xyz,CC=O,Find the lowest-energy adsorption configuration for acetaldehyde on the provided surface.,intermetallic,OCHCH3,(110),COMPLEX,success,-4.0125274658203125,1,1,1,0,0,0,1,hollow (HCP/Subsurf-Atom),False,61.63302582502365,3892,1247,research/results/cmu_v1_openai_gpt54_one_shot/19/artifacts/BEST_CC_O_ontop_to_hollow_HCP-Subsurf-Atom_E-4.013.xyz,,research/results/cmu_v1_openai_gpt54_one_shot/19/artifacts/relaxation.traj
20,benchmark_slabs/20_Bi2Ti6_211.xyz,CN(C)N=O,Find the lowest-energy adsorption configuration for dimethylnitrosamine on the provided surface.,intermetallic,ONN(CH3)2,(211),COMPLEX,success,-11.652278900146484,1,1,1,0,0,0,1,hollow (FCC/No-Subsurf),False,111.41885310411453,3979,1250,research/results/cmu_v1_openai_gpt54_one_shot/20/artifacts/BEST_CN(C)N_O_ontop_to_hollow_FCC-No-Subsurf_E-11.652.xyz,,research/results/cmu_v1_openai_gpt54_one_shot/20/artifacts/relaxation.traj
