case_id,ocd62_case_id,ocd_id,surface_formula,adsorbate,backend_key,backend,run1_backend,run2_backend,run3_backend,run4_backend,run5_backend,llm_model,force_field,calculator_backend,force_field_model,force_field_size,variant,e_run1,e_run2,e_run3,e_run4,e_run5,range_eV,e_min,std_eV,agreement_class
001,002,16,Hf18Sc18Si36,NO,gpt,gpt54_mace_mp0_small,gpt54_mace_mp0_small,gpt54_mace_mp0_small,gpt54_mace_mp0_small,gpt54_mace_mp0_small,gpt54_mace_mp0_small,gpt-5.4-2026-03-05,MACE-MP-0 small,mace,mace_mp0,small,full,-4.3469619751,-4.3469619751,-7.04744529724,-4.3469619751,-4.3469619751,2.70048332214,-7.04744529724,1.08019332886,severe
001,002,16,Hf18Sc18Si36,NO,gpt,gpt54_mace_mp0_small,gpt54_mace_mp0_small,gpt54_mace_mp0_small,gpt54_mace_mp0_small,gpt54_mace_mp0_small,gpt54_mace_mp0_small,gpt-5.4-2026-03-05,MACE-MP-0 small,mace,mace_mp0,small,no_slip,-4.3469619751,-4.3469619751,-4.3469619751,-4.3469619751,-4.3469619751,0,-4.3469619751,0,exact_match
001,002,16,Hf18Sc18Si36,NO,gpt,gpt54_mace_mp0_small,gpt54_mace_mp0_small,gpt54_mace_mp0_small,gpt54_mace_mp0_small,gpt54_mace_mp0_small,gpt54_mace_mp0_small,gpt-5.4-2026-03-05,MACE-MP-0 small,mace,mace_mp0,small,no_forbid,-4.3469619751,-4.3469619751,-4.3469619751,-4.3469619751,-4.3469619751,0,-4.3469619751,0,exact_match
001,002,16,Hf18Sc18Si36,NO,gpt,gpt54_mace_mp0_small,gpt54_mace_mp0_small,gpt54_mace_mp0_small,gpt54_mace_mp0_small,gpt54_mace_mp0_small,gpt54_mace_mp0_small,gpt-5.4-2026-03-05,MACE-MP-0 small,mace,mace_mp0,small,no_termination,-4.3469619751,-4.88319969177,-7.04744529724,-4.3469619751,-4.3469619751,2.70048332214,-7.04744529724,1.04736702691,severe
001,002,16,Hf18Sc18Si36,NO,gpt,gpt54_mace_mp0_small,gpt54_mace_mp0_small,gpt54_mace_mp0_small,gpt54_mace_mp0_small,gpt54_mace_mp0_small,gpt54_mace_mp0_small,gpt-5.4-2026-03-05,MACE-MP-0 small,mace,mace_mp0,small,one_shot,-4.3469619751,-4.3469619751,-4.3469619751,-4.3469619751,-4.49725723267,0.150295257568,-4.49725723267,0.0601181030273,divergent
002,010,94,Ag18Sr27,[N]=N,gpt,gpt54_mace_mp0_small,gpt54_mace_mp0_small,gpt54_mace_mp0_small,gpt54_mace_mp0_small,gpt54_mace_mp0_small,gpt54_mace_mp0_small,gpt-5.4-2026-03-05,MACE-MP-0 small,mace,mace_mp0,small,full,-3.38452529907,-3.34560775757,-3.34560775757,-3.38452529907,-3.34560012817,0.0389251708984,-3.38452529907,0.0190668698241,minor
002,010,94,Ag18Sr27,[N]=N,gpt,gpt54_mace_mp0_small,gpt54_mace_mp0_small,gpt54_mace_mp0_small,gpt54_mace_mp0_small,gpt54_mace_mp0_small,gpt54_mace_mp0_small,gpt-5.4-2026-03-05,MACE-MP-0 small,mace,mace_mp0,small,no_slip,-3.34560775757,-3.38451766968,-3.38451766968,-3.34561538696,-3.34559249878,0.0389251708984,-3.38451766968,0.0190631334207,minor
002,010,94,Ag18Sr27,[N]=N,gpt,gpt54_mace_mp0_small,gpt54_mace_mp0_small,gpt54_mace_mp0_small,gpt54_mace_mp0_small,gpt54_mace_mp0_small,gpt54_mace_mp0_small,gpt-5.4-2026-03-05,MACE-MP-0 small,mace,mace_mp0,small,no_forbid,-3.38451766968,-3.34560012817,-3.34560775757,-3.34561538696,-3.34560775757,0.0389175415039,-3.38451766968,0.0155639655917,minor
002,010,94,Ag18Sr27,[N]=N,gpt,gpt54_mace_mp0_small,gpt54_mace_mp0_small,gpt54_mace_mp0_small,gpt54_mace_mp0_small,gpt54_mace_mp0_small,gpt54_mace_mp0_small,gpt-5.4-2026-03-05,MACE-MP-0 small,mace,mace_mp0,small,no_termination,-3.34559249878,-3.34560775757,-3.34560775757,-3.34560775757,-3.34560775757,1.52587890625e-05,-3.34560775757,6.103515625e-06,exact_match
002,010,94,Ag18Sr27,[N]=N,gpt,gpt54_mace_mp0_small,gpt54_mace_mp0_small,gpt54_mace_mp0_small,gpt54_mace_mp0_small,gpt54_mace_mp0_small,gpt54_mace_mp0_small,gpt-5.4-2026-03-05,MACE-MP-0 small,mace,mace_mp0,small,one_shot,-3.34560012817,-5.60783004761,-5.60781478882,-5.60781478882,-5.60781478882,2.26222991943,-5.60783004761,0.904887390156,severe
003,012,108,Ru60Ta20,[NH],gpt,gpt54_mace_mp0_small,gpt54_mace_mp0_small,gpt54_mace_mp0_small,gpt54_mace_mp0_small,gpt54_mace_mp0_small,gpt54_mace_mp0_small,gpt-5.4-2026-03-05,MACE-MP-0 small,mace,mace_mp0,small,full,-14.5495405197,-14.5495405197,-14.5495405197,-14.5495405197,-14.5495405197,0,-14.5495405197,0,exact_match
003,012,108,Ru60Ta20,[NH],gpt,gpt54_mace_mp0_small,gpt54_mace_mp0_small,gpt54_mace_mp0_small,gpt54_mace_mp0_small,gpt54_mace_mp0_small,gpt54_mace_mp0_small,gpt-5.4-2026-03-05,MACE-MP-0 small,mace,mace_mp0,small,no_slip,-14.5495405197,-14.5495405197,-14.5495405197,-14.5495405197,-14.5495405197,0,-14.5495405197,0,exact_match
003,012,108,Ru60Ta20,[NH],gpt,gpt54_mace_mp0_small,gpt54_mace_mp0_small,gpt54_mace_mp0_small,gpt54_mace_mp0_small,gpt54_mace_mp0_small,gpt54_mace_mp0_small,gpt-5.4-2026-03-05,MACE-MP-0 small,mace,mace_mp0,small,no_forbid,-14.5495405197,-14.5495405197,-14.5495405197,-14.5495405197,-14.5495405197,0,-14.5495405197,0,exact_match
003,012,108,Ru60Ta20,[NH],gpt,gpt54_mace_mp0_small,gpt54_mace_mp0_small,gpt54_mace_mp0_small,gpt54_mace_mp0_small,gpt54_mace_mp0_small,gpt54_mace_mp0_small,gpt-5.4-2026-03-05,MACE-MP-0 small,mace,mace_mp0,small,no_termination,-14.5495405197,-14.5495405197,-14.5495405197,-14.5495405197,-14.5495405197,0,-14.5495405197,0,exact_match
003,012,108,Ru60Ta20,[NH],gpt,gpt54_mace_mp0_small,gpt54_mace_mp0_small,gpt54_mace_mp0_small,gpt54_mace_mp0_small,gpt54_mace_mp0_small,gpt54_mace_mp0_small,gpt-5.4-2026-03-05,MACE-MP-0 small,mace,mace_mp0,small,one_shot,-14.2560224533,-14.2560224533,-14.2560224533,-14.2560224533,-13.913444519,0.342577934265,-14.2560224533,0.137031173706,divergent
004,016,181,Cu32Se64W16,C(C)O,gpt,gpt54_mace_mp0_small,gpt54_mace_mp0_small,gpt54_mace_mp0_small,gpt54_mace_mp0_small,gpt54_mace_mp0_small,gpt54_mace_mp0_small,gpt-5.4-2026-03-05,MACE-MP-0 small,mace,mace_mp0,small,full,-10.3614730835,-10.3614730835,-9.07741546631,-10.3614730835,-9.07741546631,1.28405761719,-10.3614730835,0.629057192489,severe
004,016,181,Cu32Se64W16,C(C)O,gpt,gpt54_mace_mp0_small,gpt54_mace_mp0_small,gpt54_mace_mp0_small,gpt54_mace_mp0_small,gpt54_mace_mp0_small,gpt54_mace_mp0_small,gpt-5.4-2026-03-05,MACE-MP-0 small,mace,mace_mp0,small,no_slip,-10.2418899536,-10.25806427,-10.25806427,-9.67261505127,-10.3614730835,0.688858032227,-10.3614730835,0.246601783112,large_divergent
004,016,181,Cu32Se64W16,C(C)O,gpt,gpt54_mace_mp0_small,gpt54_mace_mp0_small,gpt54_mace_mp0_small,gpt54_mace_mp0_small,gpt54_mace_mp0_small,gpt54_mace_mp0_small,gpt-5.4-2026-03-05,MACE-MP-0 small,mace,mace_mp0,small,no_forbid,-10.3631210327,-10.3614730835,-10.3614730835,-9.67261505127,-9.67261505127,0.690505981445,-10.3631210327,0.337739781876,large_divergent
004,016,181,Cu32Se64W16,C(C)O,gpt,gpt54_mace_mp0_small,gpt54_mace_mp0_small,gpt54_mace_mp0_small,gpt54_mace_mp0_small,gpt54_mace_mp0_small,gpt54_mace_mp0_small,gpt-5.4-2026-03-05,MACE-MP-0 small,mace,mace_mp0,small,no_termination,-10.3614730835,-10.3614120483,-9.67261505127,-10.3614730835,-10.3614730835,0.688858032227,-10.3614730835,0.275537110389,large_divergent
004,016,181,Cu32Se64W16,C(C)O,gpt,gpt54_mace_mp0_small,gpt54_mace_mp0_small,gpt54_mace_mp0_small,gpt54_mace_mp0_small,gpt54_mace_mp0_small,gpt54_mace_mp0_small,gpt-5.4-2026-03-05,MACE-MP-0 small,mace,mace_mp0,small,one_shot,-8.98812103271,-8.98812103271,-8.98812103271,-8.98812103271,-8.98812103271,0,-8.98812103271,0,exact_match
005,020,201,Cr36N48,[CH]=O,gpt,gpt54_mace_mp0_small,gpt54_mace_mp0_small,gpt54_mace_mp0_small,gpt54_mace_mp0_small,gpt54_mace_mp0_small,gpt54_mace_mp0_small,gpt-5.4-2026-03-05,MACE-MP-0 small,mace,mace_mp0,small,full,-7.7070941925,-7.7070941925,-7.7070941925,-7.7070941925,-7.7070941925,0,-7.7070941925,0,exact_match
005,020,201,Cr36N48,[CH]=O,gpt,gpt54_mace_mp0_small,gpt54_mace_mp0_small,gpt54_mace_mp0_small,gpt54_mace_mp0_small,gpt54_mace_mp0_small,gpt54_mace_mp0_small,gpt-5.4-2026-03-05,MACE-MP-0 small,mace,mace_mp0,small,no_slip,-7.7070941925,-7.70703315735,-7.7070941925,-7.7070941925,-7.7070941925,6.103515625e-05,-7.7070941925,2.44140625e-05,exact_match
005,020,201,Cr36N48,[CH]=O,gpt,gpt54_mace_mp0_small,gpt54_mace_mp0_small,gpt54_mace_mp0_small,gpt54_mace_mp0_small,gpt54_mace_mp0_small,gpt54_mace_mp0_small,gpt-5.4-2026-03-05,MACE-MP-0 small,mace,mace_mp0,small,no_forbid,-7.7070941925,-7.7070941925,-7.7070941925,-7.7070941925,-7.7070941925,0,-7.7070941925,0,exact_match
005,020,201,Cr36N48,[CH]=O,gpt,gpt54_mace_mp0_small,gpt54_mace_mp0_small,gpt54_mace_mp0_small,gpt54_mace_mp0_small,gpt54_mace_mp0_small,gpt54_mace_mp0_small,gpt-5.4-2026-03-05,MACE-MP-0 small,mace,mace_mp0,small,no_termination,-7.7070941925,-7.7070941925,-7.7070941925,-7.7070941925,-7.7070941925,0,-7.7070941925,0,exact_match
005,020,201,Cr36N48,[CH]=O,gpt,gpt54_mace_mp0_small,gpt54_mace_mp0_small,gpt54_mace_mp0_small,gpt54_mace_mp0_small,gpt54_mace_mp0_small,gpt54_mace_mp0_small,gpt-5.4-2026-03-05,MACE-MP-0 small,mace,mace_mp0,small,one_shot,-7.70703315735,-7.7070941925,-7.7070941925,-7.7070941925,-7.7070941925,6.103515625e-05,-7.7070941925,2.44140625e-05,exact_match
006,029,362,In18N18Ti36,O=N,gpt,gpt54_mace_mp0_small,gpt54_mace_mp0_small,gpt54_mace_mp0_small,gpt54_mace_mp0_small,gpt54_mace_mp0_small,gpt54_mace_mp0_small,gpt-5.4-2026-03-05,MACE-MP-0 small,mace,mace_mp0,small,full,-7.96742248535,-8.87007904053,-7.96742248535,-7.96742248535,-7.96742248535,0.902656555176,-8.87007904053,0.36106262207,large_divergent
006,029,362,In18N18Ti36,O=N,gpt,gpt54_mace_mp0_small,gpt54_mace_mp0_small,gpt54_mace_mp0_small,gpt54_mace_mp0_small,gpt54_mace_mp0_small,gpt54_mace_mp0_small,gpt-5.4-2026-03-05,MACE-MP-0 small,mace,mace_mp0,small,no_slip,-7.96742248535,-6.6915435791,-7.96742248535,-8.87007904053,-8.40865325928,2.17853546143,-8.87007904053,0.726142604005,severe
006,029,362,In18N18Ti36,O=N,gpt,gpt54_mace_mp0_small,gpt54_mace_mp0_small,gpt54_mace_mp0_small,gpt54_mace_mp0_small,gpt54_mace_mp0_small,gpt54_mace_mp0_small,gpt-5.4-2026-03-05,MACE-MP-0 small,mace,mace_mp0,small,no_forbid,-7.96742248535,-7.62019348145,-7.87889099121,-6.97109222412,-8.39540863037,1.42431640625,-8.39540863037,0.46959700193,severe
006,029,362,In18N18Ti36,O=N,gpt,gpt54_mace_mp0_small,gpt54_mace_mp0_small,gpt54_mace_mp0_small,gpt54_mace_mp0_small,gpt54_mace_mp0_small,gpt54_mace_mp0_small,gpt-5.4-2026-03-05,MACE-MP-0 small,mace,mace_mp0,small,no_termination,-8.87007904053,-8.40859222412,-7.87889099121,-8.87007904053,-8.87007904053,0.991188049316,-8.87007904053,0.393286403966,large_divergent
006,029,362,In18N18Ti36,O=N,gpt,gpt54_mace_mp0_small,gpt54_mace_mp0_small,gpt54_mace_mp0_small,gpt54_mace_mp0_small,gpt54_mace_mp0_small,gpt54_mace_mp0_small,gpt-5.4-2026-03-05,MACE-MP-0 small,mace,mace_mp0,small,one_shot,-11.3517913818,-11.3517913818,-11.3517303467,-11.3517303467,-11.3517303467,6.103515625e-05,-11.3517913818,2.99009978367e-05,exact_match
007,032,479,Ni6Sc36Te12,OH,gpt,gpt54_mace_mp0_small,gpt54_mace_mp0_small,gpt54_mace_mp0_small,gpt54_mace_mp0_small,gpt54_mace_mp0_small,gpt54_mace_mp0_small,gpt-5.4-2026-03-05,MACE-MP-0 small,mace,mace_mp0,small,full,-7.22801208496,-7.22801208496,-7.22801208496,-7.11375427246,-7.22801208496,0.1142578125,-7.22801208496,0.045703125,divergent
007,032,479,Ni6Sc36Te12,OH,gpt,gpt54_mace_mp0_small,gpt54_mace_mp0_small,gpt54_mace_mp0_small,gpt54_mace_mp0_small,gpt54_mace_mp0_small,gpt54_mace_mp0_small,gpt-5.4-2026-03-05,MACE-MP-0 small,mace,mace_mp0,small,no_slip,-7.22801208496,-7.22801208496,-7.22801208496,-7.22801208496,-7.22801208496,0,-7.22801208496,0,exact_match
007,032,479,Ni6Sc36Te12,OH,gpt,gpt54_mace_mp0_small,gpt54_mace_mp0_small,gpt54_mace_mp0_small,gpt54_mace_mp0_small,gpt54_mace_mp0_small,gpt54_mace_mp0_small,gpt-5.4-2026-03-05,MACE-MP-0 small,mace,mace_mp0,small,no_forbid,-7.22801208496,-7.22801208496,-7.22801208496,-7.22801208496,-7.22801208496,0,-7.22801208496,0,exact_match
007,032,479,Ni6Sc36Te12,OH,gpt,gpt54_mace_mp0_small,gpt54_mace_mp0_small,gpt54_mace_mp0_small,gpt54_mace_mp0_small,gpt54_mace_mp0_small,gpt54_mace_mp0_small,gpt-5.4-2026-03-05,MACE-MP-0 small,mace,mace_mp0,small,no_termination,-7.22801208496,-7.22801208496,-7.22801208496,-7.22801208496,-7.22801208496,0,-7.22801208496,0,exact_match
007,032,479,Ni6Sc36Te12,OH,gpt,gpt54_mace_mp0_small,gpt54_mace_mp0_small,gpt54_mace_mp0_small,gpt54_mace_mp0_small,gpt54_mace_mp0_small,gpt54_mace_mp0_small,gpt-5.4-2026-03-05,MACE-MP-0 small,mace,mace_mp0,small,one_shot,-9.47637176514,-9.47640228271,-9.47640228271,-9.47640228271,-9.47640228271,3.0517578125e-05,-9.47640228271,1.220703125e-05,exact_match
008,035,513,Pd24Zr24,OH,gpt,gpt54_mace_mp0_small,gpt54_mace_mp0_small,gpt54_mace_mp0_small,gpt54_mace_mp0_small,gpt54_mace_mp0_small,gpt54_mace_mp0_small,gpt-5.4-2026-03-05,MACE-MP-0 small,mace,mace_mp0,small,full,-6.17626190186,-6.24195861816,-6.23115539551,-6.24195861816,-6.17626190186,0.0656967163086,-6.24195861816,0.0306752308322,moderate
008,035,513,Pd24Zr24,OH,gpt,gpt54_mace_mp0_small,gpt54_mace_mp0_small,gpt54_mace_mp0_small,gpt54_mace_mp0_small,gpt54_mace_mp0_small,gpt54_mace_mp0_small,gpt-5.4-2026-03-05,MACE-MP-0 small,mace,mace_mp0,small,no_slip,-6.23106384277,-6.23109436035,-6.24195861816,-6.24195861816,-6.17626190186,0.0656967163086,-6.24195861816,0.0245889614983,moderate
008,035,513,Pd24Zr24,OH,gpt,gpt54_mace_mp0_small,gpt54_mace_mp0_small,gpt54_mace_mp0_small,gpt54_mace_mp0_small,gpt54_mace_mp0_small,gpt54_mace_mp0_small,gpt-5.4-2026-03-05,MACE-MP-0 small,mace,mace_mp0,small,no_forbid,-6.23115539551,-6.17626190186,-6.23115539551,-6.17649841309,-6.17626190186,0.0548934936523,-6.23115539551,0.0268537266773,moderate
008,035,513,Pd24Zr24,OH,gpt,gpt54_mace_mp0_small,gpt54_mace_mp0_small,gpt54_mace_mp0_small,gpt54_mace_mp0_small,gpt54_mace_mp0_small,gpt54_mace_mp0_small,gpt-5.4-2026-03-05,MACE-MP-0 small,mace,mace_mp0,small,no_termination,-6.23100280762,-6.23109436035,-6.23115539551,-6.17626190186,-6.23106384277,0.0548934936523,-6.23115539551,0.021926935099,moderate
008,035,513,Pd24Zr24,OH,gpt,gpt54_mace_mp0_small,gpt54_mace_mp0_small,gpt54_mace_mp0_small,gpt54_mace_mp0_small,gpt54_mace_mp0_small,gpt54_mace_mp0_small,gpt-5.4-2026-03-05,MACE-MP-0 small,mace,mace_mp0,small,one_shot,-6.17626190186,-6.17626190186,-6.17626190186,-6.17626190186,-6.17626190186,0,-6.17626190186,0,exact_match
009,036,530,Co32Y48,[NH],gpt,gpt54_mace_mp0_small,gpt54_mace_mp0_small,gpt54_mace_mp0_small,gpt54_mace_mp0_small,gpt54_mace_mp0_small,gpt54_mace_mp0_small,gpt-5.4-2026-03-05,MACE-MP-0 small,mace,mace_mp0,small,full,-10.6433515549,-10.6433515549,-10.6433515549,-10.6433515549,-10.6069135666,0.0364379882812,-10.6433515549,0.0145751953125,minor
009,036,530,Co32Y48,[NH],gpt,gpt54_mace_mp0_small,gpt54_mace_mp0_small,gpt54_mace_mp0_small,gpt54_mace_mp0_small,gpt54_mace_mp0_small,gpt54_mace_mp0_small,gpt-5.4-2026-03-05,MACE-MP-0 small,mace,mace_mp0,small,no_slip,-10.2085371017,-10.6433515549,-10.6433515549,-10.6433515549,-10.6433515549,0.434814453125,-10.6433515549,0.17392578125,divergent
009,036,530,Co32Y48,[NH],gpt,gpt54_mace_mp0_small,gpt54_mace_mp0_small,gpt54_mace_mp0_small,gpt54_mace_mp0_small,gpt54_mace_mp0_small,gpt54_mace_mp0_small,gpt-5.4-2026-03-05,MACE-MP-0 small,mace,mace_mp0,small,no_forbid,-10.6069135666,-10.6433515549,-10.6069135666,-10.6069135666,-10.2085371017,0.434814453125,-10.6433515549,0.163604182445,divergent
009,036,530,Co32Y48,[NH],gpt,gpt54_mace_mp0_small,gpt54_mace_mp0_small,gpt54_mace_mp0_small,gpt54_mace_mp0_small,gpt54_mace_mp0_small,gpt54_mace_mp0_small,gpt-5.4-2026-03-05,MACE-MP-0 small,mace,mace_mp0,small,no_termination,-10.6433515549,-10.6433515549,-10.6433515549,-10.6069135666,-10.6433515549,0.0364379882812,-10.6433515549,0.0145751953125,minor
009,036,530,Co32Y48,[NH],gpt,gpt54_mace_mp0_small,gpt54_mace_mp0_small,gpt54_mace_mp0_small,gpt54_mace_mp0_small,gpt54_mace_mp0_small,gpt54_mace_mp0_small,gpt-5.4-2026-03-05,MACE-MP-0 small,mace,mace_mp0,small,one_shot,-9.68157196045,-10.0110883713,-9.68157196045,-9.68157196045,-9.68157196045,0.329516410828,-10.0110883713,0.131806564331,divergent
010,041,596,Cr18Pt18,H,gpt,gpt54_mace_mp0_small,gpt54_mace_mp0_small,gpt54_mace_mp0_small,gpt54_mace_mp0_small,gpt54_mace_mp0_small,gpt54_mace_mp0_small,gpt-5.4-2026-03-05,MACE-MP-0 small,mace,mace_mp0,small,full,-4.74316859245,-4.74316859245,-4.74316859245,-4.74316859245,-4.74319911003,3.0517578125e-05,-4.74319911003,1.220703125e-05,exact_match
010,041,596,Cr18Pt18,H,gpt,gpt54_mace_mp0_small,gpt54_mace_mp0_small,gpt54_mace_mp0_small,gpt54_mace_mp0_small,gpt54_mace_mp0_small,gpt54_mace_mp0_small,gpt-5.4-2026-03-05,MACE-MP-0 small,mace,mace_mp0,small,no_slip,-4.74316859245,-4.74173426628,-4.74316859245,-4.74316859245,-4.74319911003,0.00146484375,-4.74319911003,0.000576903315352,match
010,041,596,Cr18Pt18,H,gpt,gpt54_mace_mp0_small,gpt54_mace_mp0_small,gpt54_mace_mp0_small,gpt54_mace_mp0_small,gpt54_mace_mp0_small,gpt54_mace_mp0_small,gpt-5.4-2026-03-05,MACE-MP-0 small,mace,mace_mp0,small,no_forbid,-4.74319911003,-4.74316859245,-4.74316859245,-4.74316859245,-4.98022913933,0.237060546875,-4.98022913933,0.0948211677288,divergent
010,041,596,Cr18Pt18,H,gpt,gpt54_mace_mp0_small,gpt54_mace_mp0_small,gpt54_mace_mp0_small,gpt54_mace_mp0_small,gpt54_mace_mp0_small,gpt54_mace_mp0_small,gpt-5.4-2026-03-05,MACE-MP-0 small,mace,mace_mp0,small,no_termination,-4.95904994011,-4.74316859245,-4.98022913933,-4.98022913933,-4.98022913933,0.237060546875,-4.98022913933,0.0930684780919,divergent
010,041,596,Cr18Pt18,H,gpt,gpt54_mace_mp0_small,gpt54_mace_mp0_small,gpt54_mace_mp0_small,gpt54_mace_mp0_small,gpt54_mace_mp0_small,gpt54_mace_mp0_small,gpt-5.4-2026-03-05,MACE-MP-0 small,mace,mace_mp0,small,one_shot,-4.74319911003,-4.74316859245,-4.70935511589,-4.70935511589,-4.70935511589,0.0338439941406,-4.74319911003,0.0165726308608,minor
011,048,735,Re27Ti27,[NH2],gpt,gpt54_mace_mp0_small,gpt54_mace_mp0_small,gpt54_mace_mp0_small,gpt54_mace_mp0_small,gpt54_mace_mp0_small,gpt54_mace_mp0_small,gpt-5.4-2026-03-05,MACE-MP-0 small,mace,mace_mp0,small,full,-11.6580753326,-11.6696109772,-11.6547794342,-11.6721134186,-11.6547794342,0.017333984375,-11.6721134186,0.00748066954181,minor
011,048,735,Re27Ti27,[NH2],gpt,gpt54_mace_mp0_small,gpt54_mace_mp0_small,gpt54_mace_mp0_small,gpt54_mace_mp0_small,gpt54_mace_mp0_small,gpt54_mace_mp0_small,gpt-5.4-2026-03-05,MACE-MP-0 small,mace,mace_mp0,small,no_slip,-11.6549015045,-11.6547794342,-11.6547794342,-10.6318397522,-11.6547794342,1.02306175232,-11.6549015045,0.409188082565,severe
011,048,735,Re27Ti27,[NH2],gpt,gpt54_mace_mp0_small,gpt54_mace_mp0_small,gpt54_mace_mp0_small,gpt54_mace_mp0_small,gpt54_mace_mp0_small,gpt54_mace_mp0_small,gpt-5.4-2026-03-05,MACE-MP-0 small,mace,mace_mp0,small,no_forbid,-11.6547794342,-11.6547794342,-11.6547794342,-11.6546573639,-11.6547794342,0.0001220703125,-11.6547794342,4.8828125e-05,exact_match
011,048,735,Re27Ti27,[NH2],gpt,gpt54_mace_mp0_small,gpt54_mace_mp0_small,gpt54_mace_mp0_small,gpt54_mace_mp0_small,gpt54_mace_mp0_small,gpt54_mace_mp0_small,gpt-5.4-2026-03-05,MACE-MP-0 small,mace,mace_mp0,small,no_termination,-11.6596012115,-11.6547794342,-11.6547794342,-11.6547794342,-11.6548404694,0.00482177734375,-11.6596012115,0.00192275273818,match
011,048,735,Re27Ti27,[NH2],gpt,gpt54_mace_mp0_small,gpt54_mace_mp0_small,gpt54_mace_mp0_small,gpt54_mace_mp0_small,gpt54_mace_mp0_small,gpt54_mace_mp0_small,gpt-5.4-2026-03-05,MACE-MP-0 small,mace,mace_mp0,small,one_shot,-11.659784317,-11.6579532623,-11.6600894928,-6.95978164673,-11.6546573639,4.70030784607,-11.6600894928,1.87933677816,severe
012,050,768,Ga24Y24,H,gpt,gpt54_mace_mp0_small,gpt54_mace_mp0_small,gpt54_mace_mp0_small,gpt54_mace_mp0_small,gpt54_mace_mp0_small,gpt54_mace_mp0_small,gpt-5.4-2026-03-05,MACE-MP-0 small,mace,mace_mp0,small,full,-3.50413966179,-3.50413966179,-3.50413966179,-3.50413966179,-3.50413966179,0,-3.50413966179,0,exact_match
012,050,768,Ga24Y24,H,gpt,gpt54_mace_mp0_small,gpt54_mace_mp0_small,gpt54_mace_mp0_small,gpt54_mace_mp0_small,gpt54_mace_mp0_small,gpt54_mace_mp0_small,gpt-5.4-2026-03-05,MACE-MP-0 small,mace,mace_mp0,small,no_slip,-3.50413966179,-3.33806300163,-3.50413966179,-3.33806300163,-3.50413966179,0.166076660156,-3.50413966179,0.0813606151137,divergent
012,050,768,Ga24Y24,H,gpt,gpt54_mace_mp0_small,gpt54_mace_mp0_small,gpt54_mace_mp0_small,gpt54_mace_mp0_small,gpt54_mace_mp0_small,gpt54_mace_mp0_small,gpt-5.4-2026-03-05,MACE-MP-0 small,mace,mace_mp0,small,no_forbid,-3.50413966179,-3.50413966179,-3.50413966179,-3.50413966179,-3.50413966179,0,-3.50413966179,0,exact_match
012,050,768,Ga24Y24,H,gpt,gpt54_mace_mp0_small,gpt54_mace_mp0_small,gpt54_mace_mp0_small,gpt54_mace_mp0_small,gpt54_mace_mp0_small,gpt54_mace_mp0_small,gpt-5.4-2026-03-05,MACE-MP-0 small,mace,mace_mp0,small,no_termination,-3.50413966179,-3.50413966179,-3.50413966179,-3.50413966179,-3.50413966179,0,-3.50413966179,0,exact_match
012,050,768,Ga24Y24,H,gpt,gpt54_mace_mp0_small,gpt54_mace_mp0_small,gpt54_mace_mp0_small,gpt54_mace_mp0_small,gpt54_mace_mp0_small,gpt54_mace_mp0_small,gpt-5.4-2026-03-05,MACE-MP-0 small,mace,mace_mp0,small,one_shot,-3.50413966179,-3.50413966179,-3.25667262077,-3.25667262077,-3.50413966179,0.247467041016,-3.50413966179,0.121233595729,divergent
001,002,16,Hf18Sc18Si36,NO,claude,claude_sonnet46_mace_mp0_small,claude_sonnet46_mace_mp0_small,claude_sonnet46_mace_mp0_small,claude_sonnet46_mace_mp0_small,claude_sonnet46_mace_mp0_small,claude_sonnet46_mace_mp0_small,claude-sonnet-4-6,MACE-MP-0 small,mace,mace_mp0,small,full,-4.3469619751,-4.3469619751,-4.3469619751,-4.3469619751,-4.3469619751,0,-4.3469619751,0,exact_match
001,002,16,Hf18Sc18Si36,NO,claude,claude_sonnet46_mace_mp0_small,claude_sonnet46_mace_mp0_small,claude_sonnet46_mace_mp0_small,claude_sonnet46_mace_mp0_small,claude_sonnet46_mace_mp0_small,claude_sonnet46_mace_mp0_small,claude-sonnet-4-6,MACE-MP-0 small,mace,mace_mp0,small,no_slip,-4.3469619751,-4.3469619751,-4.3469619751,-4.3469619751,-4.99628067017,0.649318695068,-4.99628067017,0.259727478027,large_divergent
001,002,16,Hf18Sc18Si36,NO,claude,claude_sonnet46_mace_mp0_small,claude_sonnet46_mace_mp0_small,claude_sonnet46_mace_mp0_small,claude_sonnet46_mace_mp0_small,claude_sonnet46_mace_mp0_small,claude_sonnet46_mace_mp0_small,claude-sonnet-4-6,MACE-MP-0 small,mace,mace_mp0,small,no_forbid,-4.3469619751,-4.3469619751,-4.3469619751,-4.3469619751,-4.3469619751,0,-4.3469619751,0,exact_match
001,002,16,Hf18Sc18Si36,NO,claude,claude_sonnet46_mace_mp0_small,claude_sonnet46_mace_mp0_small,claude_sonnet46_mace_mp0_small,claude_sonnet46_mace_mp0_small,claude_sonnet46_mace_mp0_small,claude_sonnet46_mace_mp0_small,claude-sonnet-4-6,MACE-MP-0 small,mace,mace_mp0,small,no_termination,-7.04744529724,-4.3469619751,-7.04744529724,-4.3469619751,-4.3469619751,2.70048332214,-7.04744529724,1.32296123963,severe
001,002,16,Hf18Sc18Si36,NO,claude,claude_sonnet46_mace_mp0_small,claude_sonnet46_mace_mp0_small,claude_sonnet46_mace_mp0_small,claude_sonnet46_mace_mp0_small,claude_sonnet46_mace_mp0_small,claude_sonnet46_mace_mp0_small,claude-sonnet-4-6,MACE-MP-0 small,mace,mace_mp0,small,one_shot,-4.3469619751,-4.3469619751,-4.3469619751,-4.3469619751,-4.3469619751,0,-4.3469619751,0,exact_match
002,010,94,Ag18Sr27,[N]=N,claude,claude_sonnet46_mace_mp0_small,claude_sonnet46_mace_mp0_small,claude_sonnet46_mace_mp0_small,claude_sonnet46_mace_mp0_small,claude_sonnet46_mace_mp0_small,claude_sonnet46_mace_mp0_small,claude-sonnet-4-6,MACE-MP-0 small,mace,mace_mp0,small,full,-3.34561538696,-3.38451766968,-3.38451766968,-3.34557723999,-3.34560775757,0.0389404296875,-3.38451766968,0.0190656280199,minor
002,010,94,Ag18Sr27,[N]=N,claude,claude_sonnet46_mace_mp0_small,claude_sonnet46_mace_mp0_small,claude_sonnet46_mace_mp0_small,claude_sonnet46_mace_mp0_small,claude_sonnet46_mace_mp0_small,claude_sonnet46_mace_mp0_small,claude-sonnet-4-6,MACE-MP-0 small,mace,mace_mp0,small,no_slip,-2.75984573364,-3.38451766968,-2.75983047485,-2.75984573364,-2.75983047485,0.624687194824,-3.38451766968,0.249871826265,large_divergent
002,010,94,Ag18Sr27,[N]=N,claude,claude_sonnet46_mace_mp0_small,claude_sonnet46_mace_mp0_small,claude_sonnet46_mace_mp0_small,claude_sonnet46_mace_mp0_small,claude_sonnet46_mace_mp0_small,claude_sonnet46_mace_mp0_small,claude-sonnet-4-6,MACE-MP-0 small,mace,mace_mp0,small,no_forbid,-3.38452529907,-3.34560012817,-3.34560775757,-3.38451766968,-3.34560775757,0.0389251708984,-3.38452529907,0.0190650011644,minor
002,010,94,Ag18Sr27,[N]=N,claude,claude_sonnet46_mace_mp0_small,claude_sonnet46_mace_mp0_small,claude_sonnet46_mace_mp0_small,claude_sonnet46_mace_mp0_small,claude_sonnet46_mace_mp0_small,claude_sonnet46_mace_mp0_small,claude-sonnet-4-6,MACE-MP-0 small,mace,mace_mp0,small,no_termination,-3.38451766968,-3.34561538696,-3.38451766968,-3.34560775757,-3.38451004028,0.0389099121094,-3.38451766968,0.0190587717899,minor
002,010,94,Ag18Sr27,[N]=N,claude,claude_sonnet46_mace_mp0_small,claude_sonnet46_mace_mp0_small,claude_sonnet46_mace_mp0_small,claude_sonnet46_mace_mp0_small,claude_sonnet46_mace_mp0_small,claude_sonnet46_mace_mp0_small,claude-sonnet-4-6,MACE-MP-0 small,mace,mace_mp0,small,one_shot,-5.60782241821,-2.73579025269,-5.60781478882,-5.60781478882,-5.60781478882,2.87203216553,-5.60782241821,1.1488105774,severe
003,012,108,Ru60Ta20,[NH],claude,claude_sonnet46_mace_mp0_small,claude_sonnet46_mace_mp0_small,claude_sonnet46_mace_mp0_small,claude_sonnet46_mace_mp0_small,claude_sonnet46_mace_mp0_small,claude_sonnet46_mace_mp0_small,claude-sonnet-4-6,MACE-MP-0 small,mace,mace_mp0,small,full,-14.5495405197,-14.5495405197,-14.5495405197,-14.5495405197,-14.5495405197,0,-14.5495405197,0,exact_match
003,012,108,Ru60Ta20,[NH],claude,claude_sonnet46_mace_mp0_small,claude_sonnet46_mace_mp0_small,claude_sonnet46_mace_mp0_small,claude_sonnet46_mace_mp0_small,claude_sonnet46_mace_mp0_small,claude_sonnet46_mace_mp0_small,claude-sonnet-4-6,MACE-MP-0 small,mace,mace_mp0,small,no_slip,-14.2560224533,-14.5495405197,-14.5495405197,-14.5495405197,-14.5495405197,0.293518066406,-14.5495405197,0.117407226563,divergent
003,012,108,Ru60Ta20,[NH],claude,claude_sonnet46_mace_mp0_small,claude_sonnet46_mace_mp0_small,claude_sonnet46_mace_mp0_small,claude_sonnet46_mace_mp0_small,claude_sonnet46_mace_mp0_small,claude_sonnet46_mace_mp0_small,claude-sonnet-4-6,MACE-MP-0 small,mace,mace_mp0,small,no_forbid,-14.5495405197,-14.5495405197,-14.5495405197,-14.5495405197,-14.5495405197,0,-14.5495405197,0,exact_match
003,012,108,Ru60Ta20,[NH],claude,claude_sonnet46_mace_mp0_small,claude_sonnet46_mace_mp0_small,claude_sonnet46_mace_mp0_small,claude_sonnet46_mace_mp0_small,claude_sonnet46_mace_mp0_small,claude_sonnet46_mace_mp0_small,claude-sonnet-4-6,MACE-MP-0 small,mace,mace_mp0,small,no_termination,-14.5495405197,-14.5495405197,-14.5495405197,-14.5495405197,-14.5495405197,0,-14.5495405197,0,exact_match
003,012,108,Ru60Ta20,[NH],claude,claude_sonnet46_mace_mp0_small,claude_sonnet46_mace_mp0_small,claude_sonnet46_mace_mp0_small,claude_sonnet46_mace_mp0_small,claude_sonnet46_mace_mp0_small,claude_sonnet46_mace_mp0_small,claude-sonnet-4-6,MACE-MP-0 small,mace,mace_mp0,small,one_shot,-14.2560224533,-14.2560224533,-14.5495405197,-14.2560224533,-14.5495405197,0.293518066406,-14.5495405197,0.143793898597,divergent
004,016,181,Cu32Se64W16,C(C)O,claude,claude_sonnet46_mace_mp0_small,claude_sonnet46_mace_mp0_small,claude_sonnet46_mace_mp0_small,claude_sonnet46_mace_mp0_small,claude_sonnet46_mace_mp0_small,claude_sonnet46_mace_mp0_small,claude-sonnet-4-6,MACE-MP-0 small,mace,mace_mp0,small,full,-9.23633575439,-9.31958770752,-9.07741546631,-9.07735443115,-9.67261505127,0.595260620117,-9.67261505127,0.218938497961,large_divergent
004,016,181,Cu32Se64W16,C(C)O,claude,claude_sonnet46_mace_mp0_small,claude_sonnet46_mace_mp0_small,claude_sonnet46_mace_mp0_small,claude_sonnet46_mace_mp0_small,claude_sonnet46_mace_mp0_small,claude_sonnet46_mace_mp0_small,claude-sonnet-4-6,MACE-MP-0 small,mace,mace_mp0,small,no_slip,-10.3614730835,-9.66962432861,-9.07741546631,-9.07741546631,-9.67261505127,1.28405761719,-10.3614730835,0.475846392282,severe
004,016,181,Cu32Se64W16,C(C)O,claude,claude_sonnet46_mace_mp0_small,claude_sonnet46_mace_mp0_small,claude_sonnet46_mace_mp0_small,claude_sonnet46_mace_mp0_small,claude_sonnet46_mace_mp0_small,claude_sonnet46_mace_mp0_small,claude-sonnet-4-6,MACE-MP-0 small,mace,mace_mp0,small,no_forbid,-9.07765960693,-9.07741546631,-9.07741546631,-9.67261505127,-9.23633575439,0.595199584961,-9.67261505127,0.230523426351,large_divergent
004,016,181,Cu32Se64W16,C(C)O,claude,claude_sonnet46_mace_mp0_small,claude_sonnet46_mace_mp0_small,claude_sonnet46_mace_mp0_small,claude_sonnet46_mace_mp0_small,claude_sonnet46_mace_mp0_small,claude_sonnet46_mace_mp0_small,claude-sonnet-4-6,MACE-MP-0 small,mace,mace_mp0,small,no_termination,-10.3614730835,-9.67261505127,-9.07741546631,-9.07759857178,-9.67261505127,1.28405761719,-10.3614730835,0.475932888141,severe
004,016,181,Cu32Se64W16,C(C)O,claude,claude_sonnet46_mace_mp0_small,claude_sonnet46_mace_mp0_small,claude_sonnet46_mace_mp0_small,claude_sonnet46_mace_mp0_small,claude_sonnet46_mace_mp0_small,claude_sonnet46_mace_mp0_small,claude-sonnet-4-6,MACE-MP-0 small,mace,mace_mp0,small,one_shot,-9.0778427124,-9.07741546631,-9.07741546631,-9.07741546631,-9.07741546631,0.00042724609375,-9.0778427124,0.0001708984375,exact_match
005,020,201,Cr36N48,[CH]=O,claude,claude_sonnet46_mace_mp0_small,claude_sonnet46_mace_mp0_small,claude_sonnet46_mace_mp0_small,claude_sonnet46_mace_mp0_small,claude_sonnet46_mace_mp0_small,claude_sonnet46_mace_mp0_small,claude-sonnet-4-6,MACE-MP-0 small,mace,mace_mp0,small,full,-7.7070941925,-7.7070941925,-7.7070941925,-7.70703315735,-7.7070941925,6.103515625e-05,-7.7070941925,2.44140625e-05,exact_match
005,020,201,Cr36N48,[CH]=O,claude,claude_sonnet46_mace_mp0_small,claude_sonnet46_mace_mp0_small,claude_sonnet46_mace_mp0_small,claude_sonnet46_mace_mp0_small,claude_sonnet46_mace_mp0_small,claude_sonnet46_mace_mp0_small,claude-sonnet-4-6,MACE-MP-0 small,mace,mace_mp0,small,no_slip,-7.77791023254,-7.70703315735,-7.7070941925,-7.7070941925,-7.7070941925,0.0708770751953,-7.77791023254,0.0283325293926,moderate
005,020,201,Cr36N48,[CH]=O,claude,claude_sonnet46_mace_mp0_small,claude_sonnet46_mace_mp0_small,claude_sonnet46_mace_mp0_small,claude_sonnet46_mace_mp0_small,claude_sonnet46_mace_mp0_small,claude_sonnet46_mace_mp0_small,claude-sonnet-4-6,MACE-MP-0 small,mace,mace_mp0,small,no_forbid,-7.7070941925,-7.7070941925,-7.7070941925,-7.7070941925,-7.70703315735,6.103515625e-05,-7.7070941925,2.44140625e-05,exact_match
005,020,201,Cr36N48,[CH]=O,claude,claude_sonnet46_mace_mp0_small,claude_sonnet46_mace_mp0_small,claude_sonnet46_mace_mp0_small,claude_sonnet46_mace_mp0_small,claude_sonnet46_mace_mp0_small,claude_sonnet46_mace_mp0_small,claude-sonnet-4-6,MACE-MP-0 small,mace,mace_mp0,small,no_termination,-7.7070941925,-7.7070941925,-7.7070941925,-7.7070941925,-7.7070941925,0,-7.7070941925,0,exact_match
005,020,201,Cr36N48,[CH]=O,claude,claude_sonnet46_mace_mp0_small,claude_sonnet46_mace_mp0_small,claude_sonnet46_mace_mp0_small,claude_sonnet46_mace_mp0_small,claude_sonnet46_mace_mp0_small,claude_sonnet46_mace_mp0_small,claude-sonnet-4-6,MACE-MP-0 small,mace,mace_mp0,small,one_shot,-7.70703315735,-7.70703315735,-7.7070941925,-7.7070941925,-7.7070941925,6.103515625e-05,-7.7070941925,2.99009978367e-05,exact_match
006,029,362,In18N18Ti36,O=N,claude,claude_sonnet46_mace_mp0_small,claude_sonnet46_mace_mp0_small,claude_sonnet46_mace_mp0_small,claude_sonnet46_mace_mp0_small,claude_sonnet46_mace_mp0_small,claude_sonnet46_mace_mp0_small,claude-sonnet-4-6,MACE-MP-0 small,mace,mace_mp0,small,full,-7.88108825684,-8.87007904053,-7.8802947998,-7.8802947998,-8.40859222412,0.989784240723,-8.87007904053,0.399343289416,large_divergent
006,029,362,In18N18Ti36,O=N,claude,claude_sonnet46_mace_mp0_small,claude_sonnet46_mace_mp0_small,claude_sonnet46_mace_mp0_small,claude_sonnet46_mace_mp0_small,claude_sonnet46_mace_mp0_small,claude_sonnet46_mace_mp0_small,claude-sonnet-4-6,MACE-MP-0 small,mace,mace_mp0,small,no_slip,-8.40859222412,-8.40859222412,-7.87889099121,-8.40859222412,-7.87895202637,0.52970123291,-8.40859222412,0.25948459757,large_divergent
006,029,362,In18N18Ti36,O=N,claude,claude_sonnet46_mace_mp0_small,claude_sonnet46_mace_mp0_small,claude_sonnet46_mace_mp0_small,claude_sonnet46_mace_mp0_small,claude_sonnet46_mace_mp0_small,claude_sonnet46_mace_mp0_small,claude-sonnet-4-6,MACE-MP-0 small,mace,mace_mp0,small,no_forbid,-8.40859222412,-8.99238586426,-8.87007904053,-8.40859222412,-8.87007904053,0.583793640137,-8.99238586426,0.250074250866,large_divergent
006,029,362,In18N18Ti36,O=N,claude,claude_sonnet46_mace_mp0_small,claude_sonnet46_mace_mp0_small,claude_sonnet46_mace_mp0_small,claude_sonnet46_mace_mp0_small,claude_sonnet46_mace_mp0_small,claude_sonnet46_mace_mp0_small,claude-sonnet-4-6,MACE-MP-0 small,mace,mace_mp0,small,no_termination,-8.87007904053,-8.40859222412,-8.40859222412,-8.87007904053,-8.87007904053,0.461486816406,-8.87007904053,0.226081444643,divergent
006,029,362,In18N18Ti36,O=N,claude,claude_sonnet46_mace_mp0_small,claude_sonnet46_mace_mp0_small,claude_sonnet46_mace_mp0_small,claude_sonnet46_mace_mp0_small,claude_sonnet46_mace_mp0_small,claude_sonnet46_mace_mp0_small,claude-sonnet-4-6,MACE-MP-0 small,mace,mace_mp0,small,one_shot,-11.3517913818,-11.3517303467,-11.3517303467,-11.3517303467,-11.3517303467,6.103515625e-05,-11.3517913818,2.44140625e-05,exact_match
007,032,479,Ni6Sc36Te12,OH,claude,claude_sonnet46_mace_mp0_small,claude_sonnet46_mace_mp0_small,claude_sonnet46_mace_mp0_small,claude_sonnet46_mace_mp0_small,claude_sonnet46_mace_mp0_small,claude_sonnet46_mace_mp0_small,claude-sonnet-4-6,MACE-MP-0 small,mace,mace_mp0,small,full,-7.22801208496,-7.22801208496,-7.22801208496,-7.22801208496,-7.11375427246,0.1142578125,-7.22801208496,0.045703125,divergent
007,032,479,Ni6Sc36Te12,OH,claude,claude_sonnet46_mace_mp0_small,claude_sonnet46_mace_mp0_small,claude_sonnet46_mace_mp0_small,claude_sonnet46_mace_mp0_small,claude_sonnet46_mace_mp0_small,claude_sonnet46_mace_mp0_small,claude-sonnet-4-6,MACE-MP-0 small,mace,mace_mp0,small,no_slip,-7.22801208496,-7.22801208496,-7.22801208496,-7.22801208496,-7.22801208496,0,-7.22801208496,0,exact_match
007,032,479,Ni6Sc36Te12,OH,claude,claude_sonnet46_mace_mp0_small,claude_sonnet46_mace_mp0_small,claude_sonnet46_mace_mp0_small,claude_sonnet46_mace_mp0_small,claude_sonnet46_mace_mp0_small,claude_sonnet46_mace_mp0_small,claude-sonnet-4-6,MACE-MP-0 small,mace,mace_mp0,small,no_forbid,-7.22801208496,-7.22801208496,-7.22801208496,-7.22801208496,-7.22801208496,0,-7.22801208496,0,exact_match
007,032,479,Ni6Sc36Te12,OH,claude,claude_sonnet46_mace_mp0_small,claude_sonnet46_mace_mp0_small,claude_sonnet46_mace_mp0_small,claude_sonnet46_mace_mp0_small,claude_sonnet46_mace_mp0_small,claude_sonnet46_mace_mp0_small,claude-sonnet-4-6,MACE-MP-0 small,mace,mace_mp0,small,no_termination,-7.13960266113,-7.22801208496,-7.11375427246,-7.22801208496,-7.22801208496,0.1142578125,-7.22801208496,0.0503115736242,divergent
007,032,479,Ni6Sc36Te12,OH,claude,claude_sonnet46_mace_mp0_small,claude_sonnet46_mace_mp0_small,claude_sonnet46_mace_mp0_small,claude_sonnet46_mace_mp0_small,claude_sonnet46_mace_mp0_small,claude_sonnet46_mace_mp0_small,claude-sonnet-4-6,MACE-MP-0 small,mace,mace_mp0,small,one_shot,-7.22801208496,-6.57665252686,-7.22801208496,-9.47640228271,-9.47640228271,2.89974975586,-9.47640228271,1.23104296865,severe
008,035,513,Pd24Zr24,OH,claude,claude_sonnet46_mace_mp0_small,claude_sonnet46_mace_mp0_small,claude_sonnet46_mace_mp0_small,claude_sonnet46_mace_mp0_small,claude_sonnet46_mace_mp0_small,claude_sonnet46_mace_mp0_small,claude-sonnet-4-6,MACE-MP-0 small,mace,mace_mp0,small,full,-6.23759460449,-6.24195861816,-6.24195861816,-6.17626190186,-6.24195861816,0.0656967163086,-6.24195861816,0.0258974978405,moderate
008,035,513,Pd24Zr24,OH,claude,claude_sonnet46_mace_mp0_small,claude_sonnet46_mace_mp0_small,claude_sonnet46_mace_mp0_small,claude_sonnet46_mace_mp0_small,claude_sonnet46_mace_mp0_small,claude_sonnet46_mace_mp0_small,claude-sonnet-4-6,MACE-MP-0 small,mace,mace_mp0,small,no_slip,-6.23329162598,-6.24195861816,-6.24195861816,-6.24195861816,-6.23356628418,0.0086669921875,-6.24195861816,0.00417956699661,match
008,035,513,Pd24Zr24,OH,claude,claude_sonnet46_mace_mp0_small,claude_sonnet46_mace_mp0_small,claude_sonnet46_mace_mp0_small,claude_sonnet46_mace_mp0_small,claude_sonnet46_mace_mp0_small,claude_sonnet46_mace_mp0_small,claude-sonnet-4-6,MACE-MP-0 small,mace,mace_mp0,small,no_forbid,-6.24198913574,-6.24000549316,-6.24195861816,-6.23115539551,-6.23304748535,0.0108337402344,-6.24198913574,0.00461089804105,minor
008,035,513,Pd24Zr24,OH,claude,claude_sonnet46_mace_mp0_small,claude_sonnet46_mace_mp0_small,claude_sonnet46_mace_mp0_small,claude_sonnet46_mace_mp0_small,claude_sonnet46_mace_mp0_small,claude_sonnet46_mace_mp0_small,claude-sonnet-4-6,MACE-MP-0 small,mace,mace_mp0,small,no_termination,-6.24195861816,-6.24195861816,-6.24195861816,-6.23112487793,-6.23115539551,0.0108337402344,-6.24195861816,0.00529996065269,minor
008,035,513,Pd24Zr24,OH,claude,claude_sonnet46_mace_mp0_small,claude_sonnet46_mace_mp0_small,claude_sonnet46_mace_mp0_small,claude_sonnet46_mace_mp0_small,claude_sonnet46_mace_mp0_small,claude_sonnet46_mace_mp0_small,claude-sonnet-4-6,MACE-MP-0 small,mace,mace_mp0,small,one_shot,-6.17626190186,-6.10581970215,-6.10581970215,-6.10578918457,-6.23115539551,0.125366210938,-6.23115539551,0.0510053594412,divergent
009,036,530,Co32Y48,[NH],claude,claude_sonnet46_mace_mp0_small,claude_sonnet46_mace_mp0_small,claude_sonnet46_mace_mp0_small,claude_sonnet46_mace_mp0_small,claude_sonnet46_mace_mp0_small,claude_sonnet46_mace_mp0_small,claude-sonnet-4-6,MACE-MP-0 small,mace,mace_mp0,small,full,-10.6433515549,-10.6433515549,-10.6433515549,-10.6433515549,-10.6433515549,1.7763568394e-15,-10.6433515549,8.70233571527e-16,exact_match
009,036,530,Co32Y48,[NH],claude,claude_sonnet46_mace_mp0_small,claude_sonnet46_mace_mp0_small,claude_sonnet46_mace_mp0_small,claude_sonnet46_mace_mp0_small,claude_sonnet46_mace_mp0_small,claude_sonnet46_mace_mp0_small,claude-sonnet-4-6,MACE-MP-0 small,mace,mace_mp0,small,no_slip,-10.6433515549,-10.6433515549,-10.6433515549,-10.6433515549,-10.6433515549,1.7763568394e-15,-10.6433515549,8.70233571527e-16,exact_match
009,036,530,Co32Y48,[NH],claude,claude_sonnet46_mace_mp0_small,claude_sonnet46_mace_mp0_small,claude_sonnet46_mace_mp0_small,claude_sonnet46_mace_mp0_small,claude_sonnet46_mace_mp0_small,claude_sonnet46_mace_mp0_small,claude-sonnet-4-6,MACE-MP-0 small,mace,mace_mp0,small,no_forbid,-10.6433515549,-10.6433515549,-10.6433515549,-10.6433515549,-10.6069135666,0.0364379882812,-10.6433515549,0.0145751953125,minor
009,036,530,Co32Y48,[NH],claude,claude_sonnet46_mace_mp0_small,claude_sonnet46_mace_mp0_small,claude_sonnet46_mace_mp0_small,claude_sonnet46_mace_mp0_small,claude_sonnet46_mace_mp0_small,claude_sonnet46_mace_mp0_small,claude-sonnet-4-6,MACE-MP-0 small,mace,mace_mp0,small,no_termination,-10.6433515549,-10.6433515549,-10.6433515549,-10.6433515549,-10.6069135666,0.0364379882812,-10.6433515549,0.0145751953125,minor
009,036,530,Co32Y48,[NH],claude,claude_sonnet46_mace_mp0_small,claude_sonnet46_mace_mp0_small,claude_sonnet46_mace_mp0_small,claude_sonnet46_mace_mp0_small,claude_sonnet46_mace_mp0_small,claude_sonnet46_mace_mp0_small,claude-sonnet-4-6,MACE-MP-0 small,mace,mace_mp0,small,one_shot,-10.2085371017,-10.2085371017,-10.2085371017,-10.2085371017,-10.0110883713,0.197448730469,-10.2085371017,0.0789794921875,divergent
010,041,596,Cr18Pt18,H,claude,claude_sonnet46_mace_mp0_small,claude_sonnet46_mace_mp0_small,claude_sonnet46_mace_mp0_small,claude_sonnet46_mace_mp0_small,claude_sonnet46_mace_mp0_small,claude_sonnet46_mace_mp0_small,claude-sonnet-4-6,MACE-MP-0 small,mace,mace_mp0,small,full,-4.98022913933,-4.74316859245,-4.74319911003,-4.74319911003,-4.74316859245,0.237060546875,-4.98022913933,0.0948181162166,divergent
010,041,596,Cr18Pt18,H,claude,claude_sonnet46_mace_mp0_small,claude_sonnet46_mace_mp0_small,claude_sonnet46_mace_mp0_small,claude_sonnet46_mace_mp0_small,claude_sonnet46_mace_mp0_small,claude_sonnet46_mace_mp0_small,claude-sonnet-4-6,MACE-MP-0 small,mace,mace_mp0,small,no_slip,-4.74316859245,-4.74319911003,-4.74316859245,-4.74316859245,-4.74319911003,3.0517578125e-05,-4.74319911003,1.49504989184e-05,exact_match
010,041,596,Cr18Pt18,H,claude,claude_sonnet46_mace_mp0_small,claude_sonnet46_mace_mp0_small,claude_sonnet46_mace_mp0_small,claude_sonnet46_mace_mp0_small,claude_sonnet46_mace_mp0_small,claude_sonnet46_mace_mp0_small,claude-sonnet-4-6,MACE-MP-0 small,mace,mace_mp0,small,no_forbid,-4.74316859245,-4.74316859245,-4.74316859245,-4.74316859245,-4.74319911003,3.0517578125e-05,-4.74319911003,1.220703125e-05,exact_match
010,041,596,Cr18Pt18,H,claude,claude_sonnet46_mace_mp0_small,claude_sonnet46_mace_mp0_small,claude_sonnet46_mace_mp0_small,claude_sonnet46_mace_mp0_small,claude_sonnet46_mace_mp0_small,claude_sonnet46_mace_mp0_small,claude-sonnet-4-6,MACE-MP-0 small,mace,mace_mp0,small,no_termination,-4.98022913933,-4.98022913933,-4.98022913933,-4.98022913933,-4.74316859245,0.237060546875,-4.98022913933,0.09482421875,divergent
010,041,596,Cr18Pt18,H,claude,claude_sonnet46_mace_mp0_small,claude_sonnet46_mace_mp0_small,claude_sonnet46_mace_mp0_small,claude_sonnet46_mace_mp0_small,claude_sonnet46_mace_mp0_small,claude_sonnet46_mace_mp0_small,claude-sonnet-4-6,MACE-MP-0 small,mace,mace_mp0,small,one_shot,-4.74316859245,-4.74316859245,-4.74316859245,-4.74319911003,-4.70935511589,0.0338439941406,-4.74319911003,0.0135284475459,minor
011,048,735,Re27Ti27,[NH2],claude,claude_sonnet46_mace_mp0_small,claude_sonnet46_mace_mp0_small,claude_sonnet46_mace_mp0_small,claude_sonnet46_mace_mp0_small,claude_sonnet46_mace_mp0_small,claude_sonnet46_mace_mp0_small,claude-sonnet-4-6,MACE-MP-0 small,mace,mace_mp0,small,full,-11.6545963287,-11.6547794342,-11.6547794342,-11.6551456451,-11.6594181061,0.00482177734375,-11.6594181061,0.00184580646205,match
011,048,735,Re27Ti27,[NH2],claude,claude_sonnet46_mace_mp0_small,claude_sonnet46_mace_mp0_small,claude_sonnet46_mace_mp0_small,claude_sonnet46_mace_mp0_small,claude_sonnet46_mace_mp0_small,claude_sonnet46_mace_mp0_small,claude-sonnet-4-6,MACE-MP-0 small,mace,mace_mp0,small,no_slip,-6.98352432251,-11.6547794342,-11.6547794342,-11.6547794342,-11.6568546295,4.67333030701,-11.6568546295,1.86870973705,severe
011,048,735,Re27Ti27,[NH2],claude,claude_sonnet46_mace_mp0_small,claude_sonnet46_mace_mp0_small,claude_sonnet46_mace_mp0_small,claude_sonnet46_mace_mp0_small,claude_sonnet46_mace_mp0_small,claude_sonnet46_mace_mp0_small,claude-sonnet-4-6,MACE-MP-0 small,mace,mace_mp0,small,no_forbid,-11.654718399,-11.6547794342,-11.6547794342,-11.6547794342,-11.6548404694,0.0001220703125,-11.6548404694,3.86020222189e-05,exact_match
011,048,735,Re27Ti27,[NH2],claude,claude_sonnet46_mace_mp0_small,claude_sonnet46_mace_mp0_small,claude_sonnet46_mace_mp0_small,claude_sonnet46_mace_mp0_small,claude_sonnet46_mace_mp0_small,claude_sonnet46_mace_mp0_small,claude-sonnet-4-6,MACE-MP-0 small,mace,mace_mp0,small,no_termination,-11.6545963287,-11.654718399,-11.6547794342,-11.6547794342,-6.98352432251,4.67125511169,-11.6547794342,1.86847763181,severe
011,048,735,Re27Ti27,[NH2],claude,claude_sonnet46_mace_mp0_small,claude_sonnet46_mace_mp0_small,claude_sonnet46_mace_mp0_small,claude_sonnet46_mace_mp0_small,claude_sonnet46_mace_mp0_small,claude_sonnet46_mace_mp0_small,claude-sonnet-4-6,MACE-MP-0 small,mace,mace_mp0,small,one_shot,-6.98352432251,-6.98352432251,-6.98352432251,-6.98352432251,-11.6547794342,4.67125511169,-11.6547794342,1.86850204468,severe
012,050,768,Ga24Y24,H,claude,claude_sonnet46_mace_mp0_small,claude_sonnet46_mace_mp0_small,claude_sonnet46_mace_mp0_small,claude_sonnet46_mace_mp0_small,claude_sonnet46_mace_mp0_small,claude_sonnet46_mace_mp0_small,claude-sonnet-4-6,MACE-MP-0 small,mace,mace_mp0,small,full,-3.50413966179,-3.50413966179,-3.50413966179,-3.33803248405,-3.50413966179,0.166107177734,-3.50413966179,0.0664428710937,divergent
012,050,768,Ga24Y24,H,claude,claude_sonnet46_mace_mp0_small,claude_sonnet46_mace_mp0_small,claude_sonnet46_mace_mp0_small,claude_sonnet46_mace_mp0_small,claude_sonnet46_mace_mp0_small,claude_sonnet46_mace_mp0_small,claude-sonnet-4-6,MACE-MP-0 small,mace,mace_mp0,small,no_slip,-3.33806300163,-3.33806300163,-3.50413966179,-3.50413966179,-3.50413966179,0.166076660156,-3.50413966179,0.0813606151137,divergent
012,050,768,Ga24Y24,H,claude,claude_sonnet46_mace_mp0_small,claude_sonnet46_mace_mp0_small,claude_sonnet46_mace_mp0_small,claude_sonnet46_mace_mp0_small,claude_sonnet46_mace_mp0_small,claude_sonnet46_mace_mp0_small,claude-sonnet-4-6,MACE-MP-0 small,mace,mace_mp0,small,no_forbid,-3.33806300163,-3.50413966179,-3.50413966179,-3.50413966179,-3.50413966179,0.166076660156,-3.50413966179,0.0664306640625,divergent
012,050,768,Ga24Y24,H,claude,claude_sonnet46_mace_mp0_small,claude_sonnet46_mace_mp0_small,claude_sonnet46_mace_mp0_small,claude_sonnet46_mace_mp0_small,claude_sonnet46_mace_mp0_small,claude_sonnet46_mace_mp0_small,claude-sonnet-4-6,MACE-MP-0 small,mace,mace_mp0,small,no_termination,-3.50413966179,-3.50413966179,-3.50413966179,-3.50413966179,-3.50413966179,0,-3.50413966179,0,exact_match
012,050,768,Ga24Y24,H,claude,claude_sonnet46_mace_mp0_small,claude_sonnet46_mace_mp0_small,claude_sonnet46_mace_mp0_small,claude_sonnet46_mace_mp0_small,claude_sonnet46_mace_mp0_small,claude_sonnet46_mace_mp0_small,claude-sonnet-4-6,MACE-MP-0 small,mace,mace_mp0,small,one_shot,-3.50413966179,-3.25667262077,-3.25667262077,-3.25667262077,,0.247467041016,-3.50413966179,0.107156372059,missing
001,002,16,Hf18Sc18Si36,NO,gemini,gemini25pro_mace_mp0_small,gemini25pro_mace_mp0_small,gemini25pro_mace_mp0_small,gemini25pro_mace_mp0_small,gemini25pro_mace_mp0_small,gemini25pro_mace_mp0_small,gemini-2.5-pro,MACE-MP-0 small,mace,mace_mp0,small,full,-4.3469619751,-4.3469619751,-4.3469619751,-4.3469619751,-4.3469619751,0,-4.3469619751,0,exact_match
001,002,16,Hf18Sc18Si36,NO,gemini,gemini25pro_mace_mp0_small,gemini25pro_mace_mp0_small,gemini25pro_mace_mp0_small,gemini25pro_mace_mp0_small,gemini25pro_mace_mp0_small,gemini25pro_mace_mp0_small,gemini-2.5-pro,MACE-MP-0 small,mace,mace_mp0,small,no_slip,-4.3469619751,-4.3469619751,-4.3469619751,-4.3469619751,-4.3469619751,0,-4.3469619751,0,exact_match
001,002,16,Hf18Sc18Si36,NO,gemini,gemini25pro_mace_mp0_small,gemini25pro_mace_mp0_small,gemini25pro_mace_mp0_small,gemini25pro_mace_mp0_small,gemini25pro_mace_mp0_small,gemini25pro_mace_mp0_small,gemini-2.5-pro,MACE-MP-0 small,mace,mace_mp0,small,no_forbid,-4.3469619751,-4.3469619751,-4.3469619751,-4.3469619751,-4.3469619751,0,-4.3469619751,0,exact_match
001,002,16,Hf18Sc18Si36,NO,gemini,gemini25pro_mace_mp0_small,gemini25pro_mace_mp0_small,gemini25pro_mace_mp0_small,gemini25pro_mace_mp0_small,gemini25pro_mace_mp0_small,gemini25pro_mace_mp0_small,gemini-2.5-pro,MACE-MP-0 small,mace,mace_mp0,small,no_termination,-4.3469619751,-4.3469619751,-7.0328578949,-7.04744529724,-4.3469619751,2.70048332214,-7.04744529724,1.31939613442,severe
001,002,16,Hf18Sc18Si36,NO,gemini,gemini25pro_mace_mp0_small,gemini25pro_mace_mp0_small,gemini25pro_mace_mp0_small,gemini25pro_mace_mp0_small,gemini25pro_mace_mp0_small,gemini25pro_mace_mp0_small,gemini-2.5-pro,MACE-MP-0 small,mace,mace_mp0,small,one_shot,-4.3469619751,-4.3469619751,-4.3469619751,-4.3469619751,-4.3469619751,0,-4.3469619751,0,exact_match
002,010,94,Ag18Sr27,[N]=N,gemini,gemini25pro_mace_mp0_small,gemini25pro_mace_mp0_small,gemini25pro_mace_mp0_small,gemini25pro_mace_mp0_small,gemini25pro_mace_mp0_small,gemini25pro_mace_mp0_small,gemini-2.5-pro,MACE-MP-0 small,mace,mace_mp0,small,full,-3.38451766968,-3.38452529907,-3.38451766968,-3.38451766968,-3.38451766968,7.62939453125e-06,-3.38452529907,3.0517578125e-06,exact_match
002,010,94,Ag18Sr27,[N]=N,gemini,gemini25pro_mace_mp0_small,gemini25pro_mace_mp0_small,gemini25pro_mace_mp0_small,gemini25pro_mace_mp0_small,gemini25pro_mace_mp0_small,gemini25pro_mace_mp0_small,gemini-2.5-pro,MACE-MP-0 small,mace,mace_mp0,small,no_slip,-3.38452529907,-3.38451766968,-3.38451766968,-3.38451766968,-3.38451766968,7.62939453125e-06,-3.38452529907,3.0517578125e-06,exact_match
002,010,94,Ag18Sr27,[N]=N,gemini,gemini25pro_mace_mp0_small,gemini25pro_mace_mp0_small,gemini25pro_mace_mp0_small,gemini25pro_mace_mp0_small,gemini25pro_mace_mp0_small,gemini25pro_mace_mp0_small,gemini-2.5-pro,MACE-MP-0 small,mace,mace_mp0,small,no_forbid,-3.38452529907,-3.38451766968,-3.38451766968,-3.34560012817,-3.38451766968,0.0389251708984,-3.38452529907,0.0155677798214,minor
002,010,94,Ag18Sr27,[N]=N,gemini,gemini25pro_mace_mp0_small,gemini25pro_mace_mp0_small,gemini25pro_mace_mp0_small,gemini25pro_mace_mp0_small,gemini25pro_mace_mp0_small,gemini25pro_mace_mp0_small,gemini-2.5-pro,MACE-MP-0 small,mace,mace_mp0,small,no_termination,-3.38451766968,-3.38451766968,-3.38451766968,-3.38451766968,-3.38453292847,1.52587890625e-05,-3.38453292847,6.103515625e-06,exact_match
002,010,94,Ag18Sr27,[N]=N,gemini,gemini25pro_mace_mp0_small,gemini25pro_mace_mp0_small,gemini25pro_mace_mp0_small,gemini25pro_mace_mp0_small,gemini25pro_mace_mp0_small,gemini25pro_mace_mp0_small,gemini-2.5-pro,MACE-MP-0 small,mace,mace_mp0,small,one_shot,-2.73585891724,-5.60781478882,-2.73585891724,-2.73585891724,-2.73578262329,2.87203216553,-5.60781478882,1.14878997841,severe
003,012,108,Ru60Ta20,[NH],gemini,gemini25pro_mace_mp0_small,gemini25pro_mace_mp0_small,gemini25pro_mace_mp0_small,gemini25pro_mace_mp0_small,gemini25pro_mace_mp0_small,gemini25pro_mace_mp0_small,gemini-2.5-pro,MACE-MP-0 small,mace,mace_mp0,small,full,-14.5495405197,-14.5495405197,-14.5495405197,-14.5495405197,-14.5495405197,0,-14.5495405197,0,exact_match
003,012,108,Ru60Ta20,[NH],gemini,gemini25pro_mace_mp0_small,gemini25pro_mace_mp0_small,gemini25pro_mace_mp0_small,gemini25pro_mace_mp0_small,gemini25pro_mace_mp0_small,gemini25pro_mace_mp0_small,gemini-2.5-pro,MACE-MP-0 small,mace,mace_mp0,small,no_slip,-14.2560224533,-14.2560224533,-14.5495405197,-14.5495405197,-14.5495405197,0.293518066406,-14.5495405197,0.143793898597,divergent
003,012,108,Ru60Ta20,[NH],gemini,gemini25pro_mace_mp0_small,gemini25pro_mace_mp0_small,gemini25pro_mace_mp0_small,gemini25pro_mace_mp0_small,gemini25pro_mace_mp0_small,gemini25pro_mace_mp0_small,gemini-2.5-pro,MACE-MP-0 small,mace,mace_mp0,small,no_forbid,-13.5644330978,-14.5495405197,-14.5495405197,-14.5495405197,-14.5495405197,0.985107421875,-14.5495405197,0.39404296875,large_divergent
003,012,108,Ru60Ta20,[NH],gemini,gemini25pro_mace_mp0_small,gemini25pro_mace_mp0_small,gemini25pro_mace_mp0_small,gemini25pro_mace_mp0_small,gemini25pro_mace_mp0_small,gemini25pro_mace_mp0_small,gemini-2.5-pro,MACE-MP-0 small,mace,mace_mp0,small,no_termination,-14.5495405197,-14.5495405197,-14.5495405197,-14.5495405197,-14.5495405197,0,-14.5495405197,0,exact_match
003,012,108,Ru60Ta20,[NH],gemini,gemini25pro_mace_mp0_small,gemini25pro_mace_mp0_small,gemini25pro_mace_mp0_small,gemini25pro_mace_mp0_small,gemini25pro_mace_mp0_small,gemini25pro_mace_mp0_small,gemini-2.5-pro,MACE-MP-0 small,mace,mace_mp0,small,one_shot,-14.2560224533,-13.5644330978,-14.2560224533,-13.2748823166,-13.2748823166,0.981140136719,-14.2560224533,0.446085859653,large_divergent
004,016,181,Cu32Se64W16,C(C)O,gemini,gemini25pro_mace_mp0_small,gemini25pro_mace_mp0_small,gemini25pro_mace_mp0_small,gemini25pro_mace_mp0_small,gemini25pro_mace_mp0_small,gemini25pro_mace_mp0_small,gemini-2.5-pro,MACE-MP-0 small,mace,mace_mp0,small,full,-10.3614730835,-10.3614730835,-10.3614730835,-10.3610458374,-10.3614730835,0.00042724609375,-10.3614730835,0.0001708984375,exact_match
004,016,181,Cu32Se64W16,C(C)O,gemini,gemini25pro_mace_mp0_small,gemini25pro_mace_mp0_small,gemini25pro_mace_mp0_small,gemini25pro_mace_mp0_small,gemini25pro_mace_mp0_small,gemini25pro_mace_mp0_small,gemini-2.5-pro,MACE-MP-0 small,mace,mace_mp0,small,no_slip,-10.3631210327,-10.3614730835,-10.3614730835,-10.3614730835,-10.3614730835,0.00164794921875,-10.3631210327,0.0006591796875,match
004,016,181,Cu32Se64W16,C(C)O,gemini,gemini25pro_mace_mp0_small,gemini25pro_mace_mp0_small,gemini25pro_mace_mp0_small,gemini25pro_mace_mp0_small,gemini25pro_mace_mp0_small,gemini25pro_mace_mp0_small,gemini-2.5-pro,MACE-MP-0 small,mace,mace_mp0,small,no_forbid,-10.3614730835,-10.3614730835,-10.3614730835,-10.3614730835,-10.3614730835,0,-10.3614730835,0,exact_match
004,016,181,Cu32Se64W16,C(C)O,gemini,gemini25pro_mace_mp0_small,gemini25pro_mace_mp0_small,gemini25pro_mace_mp0_small,gemini25pro_mace_mp0_small,gemini25pro_mace_mp0_small,gemini25pro_mace_mp0_small,gemini-2.5-pro,MACE-MP-0 small,mace,mace_mp0,small,no_termination,-10.3614730835,-10.3614730835,-10.3614730835,-10.3614730835,-10.3614730835,0,-10.3614730835,0,exact_match
004,016,181,Cu32Se64W16,C(C)O,gemini,gemini25pro_mace_mp0_small,gemini25pro_mace_mp0_small,gemini25pro_mace_mp0_small,gemini25pro_mace_mp0_small,gemini25pro_mace_mp0_small,gemini25pro_mace_mp0_small,gemini-2.5-pro,MACE-MP-0 small,mace,mace_mp0,small,one_shot,-9.07759857178,-9.07741546631,-9.07741546631,-9.07741546631,-9.07741546631,0.00018310546875,-9.07759857178,7.32421875e-05,exact_match
005,020,201,Cr36N48,[CH]=O,gemini,gemini25pro_mace_mp0_small,gemini25pro_mace_mp0_small,gemini25pro_mace_mp0_small,gemini25pro_mace_mp0_small,gemini25pro_mace_mp0_small,gemini25pro_mace_mp0_small,gemini-2.5-pro,MACE-MP-0 small,mace,mace_mp0,small,full,-7.7070941925,-7.7070941925,-7.7070941925,-7.7070941925,-7.7070941925,0,-7.7070941925,0,exact_match
005,020,201,Cr36N48,[CH]=O,gemini,gemini25pro_mace_mp0_small,gemini25pro_mace_mp0_small,gemini25pro_mace_mp0_small,gemini25pro_mace_mp0_small,gemini25pro_mace_mp0_small,gemini25pro_mace_mp0_small,gemini-2.5-pro,MACE-MP-0 small,mace,mace_mp0,small,no_slip,-7.7070941925,-7.70703315735,-7.7070941925,-7.7070941925,-7.7070941925,6.103515625e-05,-7.7070941925,2.44140625e-05,exact_match
005,020,201,Cr36N48,[CH]=O,gemini,gemini25pro_mace_mp0_small,gemini25pro_mace_mp0_small,gemini25pro_mace_mp0_small,gemini25pro_mace_mp0_small,gemini25pro_mace_mp0_small,gemini25pro_mace_mp0_small,gemini-2.5-pro,MACE-MP-0 small,mace,mace_mp0,small,no_forbid,-7.70703315735,-7.70703315735,-7.7070941925,-7.7070941925,-7.7070941925,6.103515625e-05,-7.7070941925,2.99009978367e-05,exact_match
005,020,201,Cr36N48,[CH]=O,gemini,gemini25pro_mace_mp0_small,gemini25pro_mace_mp0_small,gemini25pro_mace_mp0_small,gemini25pro_mace_mp0_small,gemini25pro_mace_mp0_small,gemini25pro_mace_mp0_small,gemini-2.5-pro,MACE-MP-0 small,mace,mace_mp0,small,no_termination,-7.70703315735,-7.70703315735,-7.7070941925,-7.7070941925,-7.7070941925,6.103515625e-05,-7.7070941925,2.99009978367e-05,exact_match
005,020,201,Cr36N48,[CH]=O,gemini,gemini25pro_mace_mp0_small,gemini25pro_mace_mp0_small,gemini25pro_mace_mp0_small,gemini25pro_mace_mp0_small,gemini25pro_mace_mp0_small,gemini25pro_mace_mp0_small,gemini-2.5-pro,MACE-MP-0 small,mace,mace_mp0,small,one_shot,-7.7070941925,-7.7070941925,-7.7070941925,-7.7070941925,-7.70703315735,6.103515625e-05,-7.7070941925,2.44140625e-05,exact_match
006,029,362,In18N18Ti36,O=N,gemini,gemini25pro_mace_mp0_small,gemini25pro_mace_mp0_small,gemini25pro_mace_mp0_small,gemini25pro_mace_mp0_small,gemini25pro_mace_mp0_small,gemini25pro_mace_mp0_small,gemini-2.5-pro,MACE-MP-0 small,mace,mace_mp0,small,full,-7.96742248535,-7.96742248535,-8.87007904053,-7.96742248535,-7.96742248535,0.902656555176,-8.87007904053,0.36106262207,large_divergent
006,029,362,In18N18Ti36,O=N,gemini,gemini25pro_mace_mp0_small,gemini25pro_mace_mp0_small,gemini25pro_mace_mp0_small,gemini25pro_mace_mp0_small,gemini25pro_mace_mp0_small,gemini25pro_mace_mp0_small,gemini-2.5-pro,MACE-MP-0 small,mace,mace_mp0,small,no_slip,-7.87889099121,-7.96742248535,-7.96742248535,-7.96742248535,-7.96742248535,0.0885314941406,-7.96742248535,0.0354125976563,moderate
006,029,362,In18N18Ti36,O=N,gemini,gemini25pro_mace_mp0_small,gemini25pro_mace_mp0_small,gemini25pro_mace_mp0_small,gemini25pro_mace_mp0_small,gemini25pro_mace_mp0_small,gemini25pro_mace_mp0_small,gemini-2.5-pro,MACE-MP-0 small,mace,mace_mp0,small,no_forbid,-8.40859222412,-7.88090515137,-7.96742248535,-7.96742248535,-7.87889099121,0.52970123291,-8.40859222412,0.197883675488,large_divergent
006,029,362,In18N18Ti36,O=N,gemini,gemini25pro_mace_mp0_small,gemini25pro_mace_mp0_small,gemini25pro_mace_mp0_small,gemini25pro_mace_mp0_small,gemini25pro_mace_mp0_small,gemini25pro_mace_mp0_small,gemini-2.5-pro,MACE-MP-0 small,mace,mace_mp0,small,no_termination,-7.96742248535,-7.96742248535,-7.96742248535,-7.96742248535,-8.87007904053,0.902656555176,-8.87007904053,0.36106262207,large_divergent
006,029,362,In18N18Ti36,O=N,gemini,gemini25pro_mace_mp0_small,gemini25pro_mace_mp0_small,gemini25pro_mace_mp0_small,gemini25pro_mace_mp0_small,gemini25pro_mace_mp0_small,gemini25pro_mace_mp0_small,gemini-2.5-pro,MACE-MP-0 small,mace,mace_mp0,small,one_shot,-11.3517303467,-11.3517303467,-11.3517303467,-11.3517303467,-11.3517303467,0,-11.3517303467,0,exact_match
007,032,479,Ni6Sc36Te12,OH,gemini,gemini25pro_mace_mp0_small,gemini25pro_mace_mp0_small,gemini25pro_mace_mp0_small,gemini25pro_mace_mp0_small,gemini25pro_mace_mp0_small,gemini25pro_mace_mp0_small,gemini-2.5-pro,MACE-MP-0 small,mace,mace_mp0,small,full,-7.22801208496,-7.22801208496,-7.22801208496,-7.22801208496,-7.22801208496,0,-7.22801208496,0,exact_match
007,032,479,Ni6Sc36Te12,OH,gemini,gemini25pro_mace_mp0_small,gemini25pro_mace_mp0_small,gemini25pro_mace_mp0_small,gemini25pro_mace_mp0_small,gemini25pro_mace_mp0_small,gemini25pro_mace_mp0_small,gemini-2.5-pro,MACE-MP-0 small,mace,mace_mp0,small,no_slip,-7.11375427246,-7.22801208496,-7.11375427246,-7.22801208496,-7.22801208496,0.1142578125,-7.22801208496,0.0559746679503,divergent
007,032,479,Ni6Sc36Te12,OH,gemini,gemini25pro_mace_mp0_small,gemini25pro_mace_mp0_small,gemini25pro_mace_mp0_small,gemini25pro_mace_mp0_small,gemini25pro_mace_mp0_small,gemini25pro_mace_mp0_small,gemini-2.5-pro,MACE-MP-0 small,mace,mace_mp0,small,no_forbid,-7.22801208496,-7.22801208496,-6.63011169434,-7.11375427246,-7.22801208496,0.597900390625,-7.22801208496,0.231993906632,large_divergent
007,032,479,Ni6Sc36Te12,OH,gemini,gemini25pro_mace_mp0_small,gemini25pro_mace_mp0_small,gemini25pro_mace_mp0_small,gemini25pro_mace_mp0_small,gemini25pro_mace_mp0_small,gemini25pro_mace_mp0_small,gemini-2.5-pro,MACE-MP-0 small,mace,mace_mp0,small,no_termination,-7.22801208496,-7.22801208496,-7.22801208496,-7.22801208496,-7.22801208496,0,-7.22801208496,0,exact_match
007,032,479,Ni6Sc36Te12,OH,gemini,gemini25pro_mace_mp0_small,gemini25pro_mace_mp0_small,gemini25pro_mace_mp0_small,gemini25pro_mace_mp0_small,gemini25pro_mace_mp0_small,gemini25pro_mace_mp0_small,gemini-2.5-pro,MACE-MP-0 small,mace,mace_mp0,small,one_shot,-9.47640228271,-9.47640228271,-9.47640228271,-9.47640228271,-9.47640228271,0,-9.47640228271,0,exact_match
008,035,513,Pd24Zr24,OH,gemini,gemini25pro_mace_mp0_small,gemini25pro_mace_mp0_small,gemini25pro_mace_mp0_small,gemini25pro_mace_mp0_small,gemini25pro_mace_mp0_small,gemini25pro_mace_mp0_small,gemini-2.5-pro,MACE-MP-0 small,mace,mace_mp0,small,full,-6.17626190186,-6.17626190186,-6.23115539551,-6.23100280762,-6.23115539551,0.0548934936523,-6.23115539551,0.0268673502041,moderate
008,035,513,Pd24Zr24,OH,gemini,gemini25pro_mace_mp0_small,gemini25pro_mace_mp0_small,gemini25pro_mace_mp0_small,gemini25pro_mace_mp0_small,gemini25pro_mace_mp0_small,gemini25pro_mace_mp0_small,gemini-2.5-pro,MACE-MP-0 small,mace,mace_mp0,small,no_slip,-6.17649841309,-6.23121643066,-6.23115539551,-6.17626190186,-6.17649841309,0.0549545288086,-6.23121643066,0.0268300621189,moderate
008,035,513,Pd24Zr24,OH,gemini,gemini25pro_mace_mp0_small,gemini25pro_mace_mp0_small,gemini25pro_mace_mp0_small,gemini25pro_mace_mp0_small,gemini25pro_mace_mp0_small,gemini25pro_mace_mp0_small,gemini-2.5-pro,MACE-MP-0 small,mace,mace_mp0,small,no_forbid,-6.17629241943,-6.17626190186,-6.17626190186,-6.23115539551,-6.23112487793,0.0548934936523,-6.23115539551,0.0268797552225,moderate
008,035,513,Pd24Zr24,OH,gemini,gemini25pro_mace_mp0_small,gemini25pro_mace_mp0_small,gemini25pro_mace_mp0_small,gemini25pro_mace_mp0_small,gemini25pro_mace_mp0_small,gemini25pro_mace_mp0_small,gemini-2.5-pro,MACE-MP-0 small,mace,mace_mp0,small,no_termination,-6.23106384277,-6.17649841309,-6.17649841309,-6.17626190186,-6.17626190186,0.054801940918,-6.23106384277,0.021873729852,moderate
008,035,513,Pd24Zr24,OH,gemini,gemini25pro_mace_mp0_small,gemini25pro_mace_mp0_small,gemini25pro_mace_mp0_small,gemini25pro_mace_mp0_small,gemini25pro_mace_mp0_small,gemini25pro_mace_mp0_small,gemini-2.5-pro,MACE-MP-0 small,mace,mace_mp0,small,one_shot,-6.23106384277,-6.17626190186,-6.17626190186,-6.17626190186,-6.17626190186,0.054801940918,-6.23106384277,0.0219207763672,moderate
009,036,530,Co32Y48,[NH],gemini,gemini25pro_mace_mp0_small,gemini25pro_mace_mp0_small,gemini25pro_mace_mp0_small,gemini25pro_mace_mp0_small,gemini25pro_mace_mp0_small,gemini25pro_mace_mp0_small,gemini-2.5-pro,MACE-MP-0 small,mace,mace_mp0,small,full,-10.6069135666,-10.6433515549,-10.6433515549,-10.6069135666,-10.6433515549,0.0364379882812,-10.6433515549,0.0178508957085,minor
009,036,530,Co32Y48,[NH],gemini,gemini25pro_mace_mp0_small,gemini25pro_mace_mp0_small,gemini25pro_mace_mp0_small,gemini25pro_mace_mp0_small,gemini25pro_mace_mp0_small,gemini25pro_mace_mp0_small,gemini-2.5-pro,MACE-MP-0 small,mace,mace_mp0,small,no_slip,-10.6433515549,-10.6433515549,-10.6433515549,-10.6433515549,-10.6433515549,1.7763568394e-15,-10.6433515549,8.70233571527e-16,exact_match
009,036,530,Co32Y48,[NH],gemini,gemini25pro_mace_mp0_small,gemini25pro_mace_mp0_small,gemini25pro_mace_mp0_small,gemini25pro_mace_mp0_small,gemini25pro_mace_mp0_small,gemini25pro_mace_mp0_small,gemini-2.5-pro,MACE-MP-0 small,mace,mace_mp0,small,no_forbid,-10.6433515549,-10.6433515549,-10.6069135666,-10.078959465,-10.6433515549,0.564392089844,-10.6433515549,0.22256091369,large_divergent
009,036,530,Co32Y48,[NH],gemini,gemini25pro_mace_mp0_small,gemini25pro_mace_mp0_small,gemini25pro_mace_mp0_small,gemini25pro_mace_mp0_small,gemini25pro_mace_mp0_small,gemini25pro_mace_mp0_small,gemini-2.5-pro,MACE-MP-0 small,mace,mace_mp0,small,no_termination,-10.6433515549,-10.6069135666,-10.6433515549,-10.6069135666,-10.6069135666,0.0364379882812,-10.6433515549,0.0178508957085,minor
009,036,530,Co32Y48,[NH],gemini,gemini25pro_mace_mp0_small,gemini25pro_mace_mp0_small,gemini25pro_mace_mp0_small,gemini25pro_mace_mp0_small,gemini25pro_mace_mp0_small,gemini25pro_mace_mp0_small,gemini-2.5-pro,MACE-MP-0 small,mace,mace_mp0,small,one_shot,-9.95731639862,-10.6433515549,-9.95731639862,-9.95731639862,-9.95731639862,0.68603515625,-10.6433515549,0.2744140625,large_divergent
010,041,596,Cr18Pt18,H,gemini,gemini25pro_mace_mp0_small,gemini25pro_mace_mp0_small,gemini25pro_mace_mp0_small,gemini25pro_mace_mp0_small,gemini25pro_mace_mp0_small,gemini25pro_mace_mp0_small,gemini-2.5-pro,MACE-MP-0 small,mace,mace_mp0,small,full,-4.98022913933,-4.98022913933,-4.98022913933,-4.74316859245,-4.98022913933,0.237060546875,-4.98022913933,0.09482421875,divergent
010,041,596,Cr18Pt18,H,gemini,gemini25pro_mace_mp0_small,gemini25pro_mace_mp0_small,gemini25pro_mace_mp0_small,gemini25pro_mace_mp0_small,gemini25pro_mace_mp0_small,gemini25pro_mace_mp0_small,gemini-2.5-pro,MACE-MP-0 small,mace,mace_mp0,small,no_slip,-4.74316859245,-4.98022913933,-4.95904994011,-4.95904994011,-4.95904994011,0.237060546875,-4.98022913933,0.0888499064988,divergent
010,041,596,Cr18Pt18,H,gemini,gemini25pro_mace_mp0_small,gemini25pro_mace_mp0_small,gemini25pro_mace_mp0_small,gemini25pro_mace_mp0_small,gemini25pro_mace_mp0_small,gemini25pro_mace_mp0_small,gemini-2.5-pro,MACE-MP-0 small,mace,mace_mp0,small,no_forbid,-4.74316859245,-4.98022913933,-4.74316859245,-4.98022913933,-4.95904994011,0.237060546875,-4.98022913933,0.112942010081,divergent
010,041,596,Cr18Pt18,H,gemini,gemini25pro_mace_mp0_small,gemini25pro_mace_mp0_small,gemini25pro_mace_mp0_small,gemini25pro_mace_mp0_small,gemini25pro_mace_mp0_small,gemini25pro_mace_mp0_small,gemini-2.5-pro,MACE-MP-0 small,mace,mace_mp0,small,no_termination,-4.98022913933,-4.74316859245,-4.98022913933,-4.74319911003,-4.74319911003,0.237060546875,-4.98022913933,0.116125509133,divergent
010,041,596,Cr18Pt18,H,gemini,gemini25pro_mace_mp0_small,gemini25pro_mace_mp0_small,gemini25pro_mace_mp0_small,gemini25pro_mace_mp0_small,gemini25pro_mace_mp0_small,gemini25pro_mace_mp0_small,gemini-2.5-pro,MACE-MP-0 small,mace,mace_mp0,small,one_shot,-4.74319911003,-4.74319911003,-4.74316859245,-4.74316859245,-4.74316859245,3.0517578125e-05,-4.74319911003,1.49504989184e-05,exact_match
011,048,735,Re27Ti27,[NH2],gemini,gemini25pro_mace_mp0_small,gemini25pro_mace_mp0_small,gemini25pro_mace_mp0_small,gemini25pro_mace_mp0_small,gemini25pro_mace_mp0_small,gemini25pro_mace_mp0_small,gemini-2.5-pro,MACE-MP-0 small,mace,mace_mp0,small,full,-11.6546573639,-11.6547794342,-11.6547794342,-11.6564273834,-11.6547794342,0.00177001953125,-11.6564273834,0.000673049255473,match
011,048,735,Re27Ti27,[NH2],gemini,gemini25pro_mace_mp0_small,gemini25pro_mace_mp0_small,gemini25pro_mace_mp0_small,gemini25pro_mace_mp0_small,gemini25pro_mace_mp0_small,gemini25pro_mace_mp0_small,gemini-2.5-pro,MACE-MP-0 small,mace,mace_mp0,small,no_slip,-11.6547794342,-11.6547794342,-11.6547794342,-11.6547794342,-11.6550235748,0.000244140625,-11.6550235748,9.765625e-05,exact_match
011,048,735,Re27Ti27,[NH2],gemini,gemini25pro_mace_mp0_small,gemini25pro_mace_mp0_small,gemini25pro_mace_mp0_small,gemini25pro_mace_mp0_small,gemini25pro_mace_mp0_small,gemini25pro_mace_mp0_small,gemini-2.5-pro,MACE-MP-0 small,mace,mace_mp0,small,no_forbid,-11.6547794342,-11.6547794342,-11.6547794342,-11.6547794342,-11.6705265045,0.0157470703125,-11.6705265045,0.006298828125,minor
011,048,735,Re27Ti27,[NH2],gemini,gemini25pro_mace_mp0_small,gemini25pro_mace_mp0_small,gemini25pro_mace_mp0_small,gemini25pro_mace_mp0_small,gemini25pro_mace_mp0_small,gemini25pro_mace_mp0_small,gemini-2.5-pro,MACE-MP-0 small,mace,mace_mp0,small,no_termination,-11.6545352936,-11.6547794342,-11.6547794342,-11.6545963287,-11.675409317,0.0208740234375,-11.675409317,0.00829525034025,minor
011,048,735,Re27Ti27,[NH2],gemini,gemini25pro_mace_mp0_small,gemini25pro_mace_mp0_small,gemini25pro_mace_mp0_small,gemini25pro_mace_mp0_small,gemini25pro_mace_mp0_small,gemini25pro_mace_mp0_small,gemini-2.5-pro,MACE-MP-0 small,mace,mace_mp0,small,one_shot,-6.98352432251,-11.6547794342,-11.6547794342,-6.98352432251,-6.98352432251,4.67125511169,-11.6547794342,2.2884382964,severe
012,050,768,Ga24Y24,H,gemini,gemini25pro_mace_mp0_small,gemini25pro_mace_mp0_small,gemini25pro_mace_mp0_small,gemini25pro_mace_mp0_small,gemini25pro_mace_mp0_small,gemini25pro_mace_mp0_small,gemini-2.5-pro,MACE-MP-0 small,mace,mace_mp0,small,full,-3.33806300163,-3.50413966179,-3.33806300163,-3.33804774284,-3.33806300163,0.166091918945,-3.50413966179,0.0664321902043,divergent
012,050,768,Ga24Y24,H,gemini,gemini25pro_mace_mp0_small,gemini25pro_mace_mp0_small,gemini25pro_mace_mp0_small,gemini25pro_mace_mp0_small,gemini25pro_mace_mp0_small,gemini25pro_mace_mp0_small,gemini-2.5-pro,MACE-MP-0 small,mace,mace_mp0,small,no_slip,-3.33806300163,-3.50413966179,-3.33806300163,-3.33806300163,-3.33806300163,0.166076660156,-3.50413966179,0.0664306640625,divergent
012,050,768,Ga24Y24,H,gemini,gemini25pro_mace_mp0_small,gemini25pro_mace_mp0_small,gemini25pro_mace_mp0_small,gemini25pro_mace_mp0_small,gemini25pro_mace_mp0_small,gemini25pro_mace_mp0_small,gemini-2.5-pro,MACE-MP-0 small,mace,mace_mp0,small,no_forbid,-3.33804774284,-3.33806300163,-3.33806300163,-3.33806300163,-3.33804774284,1.52587890625e-05,-3.33806300163,7.47524945918e-06,exact_match
012,050,768,Ga24Y24,H,gemini,gemini25pro_mace_mp0_small,gemini25pro_mace_mp0_small,gemini25pro_mace_mp0_small,gemini25pro_mace_mp0_small,gemini25pro_mace_mp0_small,gemini25pro_mace_mp0_small,gemini-2.5-pro,MACE-MP-0 small,mace,mace_mp0,small,no_termination,-3.50413966179,-3.33806300163,-3.50413966179,-3.50413966179,-3.50413966179,0.166076660156,-3.50413966179,0.0664306640625,divergent
012,050,768,Ga24Y24,H,gemini,gemini25pro_mace_mp0_small,gemini25pro_mace_mp0_small,gemini25pro_mace_mp0_small,gemini25pro_mace_mp0_small,gemini25pro_mace_mp0_small,gemini25pro_mace_mp0_small,gemini-2.5-pro,MACE-MP-0 small,mace,mace_mp0,small,one_shot,-3.50413966179,-3.30226588249,-3.33806300163,-3.33806300163,-3.33804774284,0.201873779297,-3.50413966179,0.0713710506795,divergent
001,002,16,Hf18Sc18Si36,NO,grok,grok4_mace_mp0_small,grok4_mace_mp0_small,grok4_mace_mp0_small,grok4_mace_mp0_small,grok4_mace_mp0_small,grok4_mace_mp0_small,grok-4,MACE-MP-0 small,mace,mace_mp0,small,full,-4.34696388245,-4.34696388245,-4.3469619751,-4.3469619751,-4.3469619751,1.90734863281e-06,-4.34696388245,9.34406182397e-07,outlier_excluded
001,002,16,Hf18Sc18Si36,NO,grok,grok4_mace_mp0_small,grok4_mace_mp0_small,grok4_mace_mp0_small,grok4_mace_mp0_small,grok4_mace_mp0_small,grok4_mace_mp0_small,grok-4,MACE-MP-0 small,mace,mace_mp0,small,no_slip,-4.3469619751,-4.34696388245,-4.3469619751,-4.3469619751,-4.3469619751,1.90734863281e-06,-4.34696388245,7.62939453125e-07,exact_match
001,002,16,Hf18Sc18Si36,NO,grok,grok4_mace_mp0_small,grok4_mace_mp0_small,grok4_mace_mp0_small,grok4_mace_mp0_small,grok4_mace_mp0_small,grok4_mace_mp0_small,grok-4,MACE-MP-0 small,mace,mace_mp0,small,no_forbid,-4.3469619751,-4.34696388245,-4.3469619751,-4.3469619751,-4.3469619751,1.90734863281e-06,-4.34696388245,7.62939453125e-07,outlier_excluded
001,002,16,Hf18Sc18Si36,NO,grok,grok4_mace_mp0_small,grok4_mace_mp0_small,grok4_mace_mp0_small,grok4_mace_mp0_small,grok4_mace_mp0_small,grok4_mace_mp0_small,grok-4,MACE-MP-0 small,mace,mace_mp0,small,no_termination,-4.34696388245,-4.3469619751,-4.3469619751,-4.3469619751,-4.3469619751,1.90734863281e-06,-4.34696388245,7.62939453125e-07,exact_match
001,002,16,Hf18Sc18Si36,NO,grok,grok4_mace_mp0_small,grok4_mace_mp0_small,grok4_mace_mp0_small,grok4_mace_mp0_small,grok4_mace_mp0_small,grok4_mace_mp0_small,grok-4,MACE-MP-0 small,mace,mace_mp0,small,one_shot,-4.3469619751,-4.34696388245,-4.3469619751,-4.3469619751,-4.3469619751,1.90734863281e-06,-4.34696388245,7.62939453125e-07,exact_match
002,010,94,Ag18Sr27,[N]=N,grok,grok4_mace_mp0_small,grok4_mace_mp0_small,grok4_mace_mp0_small,grok4_mace_mp0_small,grok4_mace_mp0_small,grok4_mace_mp0_small,grok-4,MACE-MP-0 small,mace,mace_mp0,small,full,-3.38451766968,-3.38453292847,-3.38451766968,-3.38452529907,-3.38452529907,1.52587890625e-05,-3.38453292847,5.70931608089e-06,exact_match
002,010,94,Ag18Sr27,[N]=N,grok,grok4_mace_mp0_small,grok4_mace_mp0_small,grok4_mace_mp0_small,grok4_mace_mp0_small,grok4_mace_mp0_small,grok4_mace_mp0_small,grok-4,MACE-MP-0 small,mace,mace_mp0,small,no_slip,-3.38451766968,-3.38451004028,-3.38451766968,-2.75984573364,-3.38452529907,0.62467956543,-3.38452529907,0.249868774461,large_divergent
002,010,94,Ag18Sr27,[N]=N,grok,grok4_mace_mp0_small,grok4_mace_mp0_small,grok4_mace_mp0_small,grok4_mace_mp0_small,grok4_mace_mp0_small,grok4_mace_mp0_small,grok-4,MACE-MP-0 small,mace,mace_mp0,small,no_forbid,-2.73585891724,-3.34560775757,-3.38451766968,-3.38451766968,-3.38451766968,0.648658752441,-3.38451766968,0.256016415366,large_divergent
002,010,94,Ag18Sr27,[N]=N,grok,grok4_mace_mp0_small,grok4_mace_mp0_small,grok4_mace_mp0_small,grok4_mace_mp0_small,grok4_mace_mp0_small,grok4_mace_mp0_small,grok-4,MACE-MP-0 small,mace,mace_mp0,small,no_termination,-3.34560775757,-3.38451766968,-3.38451766968,-3.34560775757,-2.75983047485,0.624687194824,-3.38451766968,0.242717461892,large_divergent
002,010,94,Ag18Sr27,[N]=N,grok,grok4_mace_mp0_small,grok4_mace_mp0_small,grok4_mace_mp0_small,grok4_mace_mp0_small,grok4_mace_mp0_small,grok4_mace_mp0_small,grok-4,MACE-MP-0 small,mace,mace_mp0,small,one_shot,-2.73592758179,-2.73588180542,-2.73585891724,-2.73585891724,-2.73585891724,6.86645507817e-05,-2.73592758179,2.66919794993e-05,exact_match
003,012,108,Ru60Ta20,[NH],grok,grok4_mace_mp0_small,grok4_mace_mp0_small,grok4_mace_mp0_small,grok4_mace_mp0_small,grok4_mace_mp0_small,grok4_mace_mp0_small,grok-4,MACE-MP-0 small,mace,mace_mp0,small,full,-14.5495405197,-14.5495405197,-14.5495405197,-14.5495405197,-14.5495405197,0,-14.5495405197,0,exact_match
003,012,108,Ru60Ta20,[NH],grok,grok4_mace_mp0_small,grok4_mace_mp0_small,grok4_mace_mp0_small,grok4_mace_mp0_small,grok4_mace_mp0_small,grok4_mace_mp0_small,grok-4,MACE-MP-0 small,mace,mace_mp0,small,no_slip,-14.5495405197,-14.5057783127,-14.5495405197,-14.5495405197,-14.5495405197,0.0437622070313,-14.5495405197,0.0175048828125,minor
003,012,108,Ru60Ta20,[NH],grok,grok4_mace_mp0_small,grok4_mace_mp0_small,grok4_mace_mp0_small,grok4_mace_mp0_small,grok4_mace_mp0_small,grok4_mace_mp0_small,grok-4,MACE-MP-0 small,mace,mace_mp0,small,no_forbid,-14.5495405197,-14.5495405197,-14.5495405197,-14.5495405197,-14.5495405197,0,-14.5495405197,0,exact_match
003,012,108,Ru60Ta20,[NH],grok,grok4_mace_mp0_small,grok4_mace_mp0_small,grok4_mace_mp0_small,grok4_mace_mp0_small,grok4_mace_mp0_small,grok4_mace_mp0_small,grok-4,MACE-MP-0 small,mace,mace_mp0,small,no_termination,-14.5495405197,-14.5495405197,-14.5495405197,-14.5495405197,-14.5495405197,0,-14.5495405197,0,exact_match
003,012,108,Ru60Ta20,[NH],grok,grok4_mace_mp0_small,grok4_mace_mp0_small,grok4_mace_mp0_small,grok4_mace_mp0_small,grok4_mace_mp0_small,grok4_mace_mp0_small,grok-4,MACE-MP-0 small,mace,mace_mp0,small,one_shot,-13.2748823166,-14.2560224533,-14.2560224533,-14.2560224533,-14.2560224533,0.981140136719,-14.2560224533,0.392456054687,large_divergent
004,016,181,Cu32Se64W16,C(C)O,grok,grok4_mace_mp0_small,grok4_mace_mp0_small,grok4_mace_mp0_small,grok4_mace_mp0_small,grok4_mace_mp0_small,grok4_mace_mp0_small,grok-4,MACE-MP-0 small,mace,mace_mp0,small,full,-10.3609848022,-10.3614730835,-9.07741546631,-10.3630599976,-10.3614730835,1.28564453125,-10.3630599976,0.513733388024,severe
004,016,181,Cu32Se64W16,C(C)O,grok,grok4_mace_mp0_small,grok4_mace_mp0_small,grok4_mace_mp0_small,grok4_mace_mp0_small,grok4_mace_mp0_small,grok4_mace_mp0_small,grok-4,MACE-MP-0 small,mace,mace_mp0,small,no_slip,-9.66370391846,-10.3614730835,-10.3614730835,-9.07741546631,-10.3614120483,1.28405761719,-10.3614730835,0.519636394323,severe
004,016,181,Cu32Se64W16,C(C)O,grok,grok4_mace_mp0_small,grok4_mace_mp0_small,grok4_mace_mp0_small,grok4_mace_mp0_small,grok4_mace_mp0_small,grok4_mace_mp0_small,grok-4,MACE-MP-0 small,mace,mace_mp0,small,no_forbid,-9.07741546631,-10.3614730835,-10.3614730835,-9.07741546631,-10.3614730835,1.28405761719,-10.3614730835,0.629057192489,severe
004,016,181,Cu32Se64W16,C(C)O,grok,grok4_mace_mp0_small,grok4_mace_mp0_small,grok4_mace_mp0_small,grok4_mace_mp0_small,grok4_mace_mp0_small,grok4_mace_mp0_small,grok-4,MACE-MP-0 small,mace,mace_mp0,small,no_termination,-10.3609848022,-10.3614730835,-9.07741546631,-10.3614730835,-9.07741546631,1.28405761719,-10.3614730835,0.628977481765,severe
004,016,181,Cu32Se64W16,C(C)O,grok,grok4_mace_mp0_small,grok4_mace_mp0_small,grok4_mace_mp0_small,grok4_mace_mp0_small,grok4_mace_mp0_small,grok4_mace_mp0_small,grok-4,MACE-MP-0 small,mace,mace_mp0,small,one_shot,-9.07741546631,-9.07765960693,-9.07741546631,-8.98812103271,-9.07741546631,0.0895385742188,-9.07765960693,0.0357423125718,moderate
005,020,201,Cr36N48,[CH]=O,grok,grok4_mace_mp0_small,grok4_mace_mp0_small,grok4_mace_mp0_small,grok4_mace_mp0_small,grok4_mace_mp0_small,grok4_mace_mp0_small,grok-4,MACE-MP-0 small,mace,mace_mp0,small,full,-7.7070941925,-7.7070941925,-7.7070941925,-7.70703315735,-7.7070941925,6.103515625e-05,-7.7070941925,2.44140625e-05,exact_match
005,020,201,Cr36N48,[CH]=O,grok,grok4_mace_mp0_small,grok4_mace_mp0_small,grok4_mace_mp0_small,grok4_mace_mp0_small,grok4_mace_mp0_small,grok4_mace_mp0_small,grok-4,MACE-MP-0 small,mace,mace_mp0,small,no_slip,-7.7070941925,-7.68773269653,-7.7070941925,-7.7070941925,-7.7070941925,0.0193614959717,-7.7070941925,0.00774459838867,minor
005,020,201,Cr36N48,[CH]=O,grok,grok4_mace_mp0_small,grok4_mace_mp0_small,grok4_mace_mp0_small,grok4_mace_mp0_small,grok4_mace_mp0_small,grok4_mace_mp0_small,grok-4,MACE-MP-0 small,mace,mace_mp0,small,no_forbid,-7.7070941925,-7.7070941925,-7.7070941925,-7.7070941925,-7.70703315735,6.103515625e-05,-7.7070941925,2.44140625e-05,exact_match
005,020,201,Cr36N48,[CH]=O,grok,grok4_mace_mp0_small,grok4_mace_mp0_small,grok4_mace_mp0_small,grok4_mace_mp0_small,grok4_mace_mp0_small,grok4_mace_mp0_small,grok-4,MACE-MP-0 small,mace,mace_mp0,small,no_termination,-7.7070941925,-7.70703315735,-7.7070941925,-7.7070941925,-7.7070941925,6.103515625e-05,-7.7070941925,2.44140625e-05,exact_match
005,020,201,Cr36N48,[CH]=O,grok,grok4_mace_mp0_small,grok4_mace_mp0_small,grok4_mace_mp0_small,grok4_mace_mp0_small,grok4_mace_mp0_small,grok4_mace_mp0_small,grok-4,MACE-MP-0 small,mace,mace_mp0,small,one_shot,-6.15245437622,-7.7070941925,-7.7070941925,-5.67284011841,-6.15245437622,2.0342540741,-7.7070941925,0.857999039208,severe
006,029,362,In18N18Ti36,O=N,grok,grok4_mace_mp0_small,grok4_mace_mp0_small,grok4_mace_mp0_small,grok4_mace_mp0_small,grok4_mace_mp0_small,grok4_mace_mp0_small,grok-4,MACE-MP-0 small,mace,mace_mp0,small,full,-8.87007904053,-7.87998962402,-7.96742248535,-8.40859222412,-7.87901306152,0.991065979004,-8.87007904053,0.387825475572,large_divergent
006,029,362,In18N18Ti36,O=N,grok,grok4_mace_mp0_small,grok4_mace_mp0_small,grok4_mace_mp0_small,grok4_mace_mp0_small,grok4_mace_mp0_small,grok4_mace_mp0_small,grok-4,MACE-MP-0 small,mace,mace_mp0,small,no_slip,-8.87007904053,-8.39540863037,-8.87007904053,-8.87007904053,-7.88078308105,0.989295959473,-8.87007904053,0.393796644837,large_divergent
006,029,362,In18N18Ti36,O=N,grok,grok4_mace_mp0_small,grok4_mace_mp0_small,grok4_mace_mp0_small,grok4_mace_mp0_small,grok4_mace_mp0_small,grok4_mace_mp0_small,grok-4,MACE-MP-0 small,mace,mace_mp0,small,no_forbid,-8.39540863037,-7.96742248535,-7.96742248535,-7.96742248535,-7.96742248535,0.42798614502,-8.39540863037,0.171194458008,divergent
006,029,362,In18N18Ti36,O=N,grok,grok4_mace_mp0_small,grok4_mace_mp0_small,grok4_mace_mp0_small,grok4_mace_mp0_small,grok4_mace_mp0_small,grok4_mace_mp0_small,grok-4,MACE-MP-0 small,mace,mace_mp0,small,no_termination,-8.87007904053,-8.39540863037,-7.96742248535,-7.87889099121,-7.96742248535,0.991188049316,-8.87007904053,0.373424898137,large_divergent
006,029,362,In18N18Ti36,O=N,grok,grok4_mace_mp0_small,grok4_mace_mp0_small,grok4_mace_mp0_small,grok4_mace_mp0_small,grok4_mace_mp0_small,grok4_mace_mp0_small,grok-4,MACE-MP-0 small,mace,mace_mp0,small,one_shot,-11.3517913818,,-11.3517303467,-11.3517303467,-11.3517303467,6.103515625e-05,-11.3517913818,2.64289979182e-05,missing
007,032,479,Ni6Sc36Te12,OH,grok,grok4_mace_mp0_small,grok4_mace_mp0_small,grok4_mace_mp0_small,grok4_mace_mp0_small,grok4_mace_mp0_small,grok4_mace_mp0_small,grok-4,MACE-MP-0 small,mace,mace_mp0,small,full,-7.11372375488,-7.11375427246,-7.12419128418,-6.57665252686,-6.57665252686,0.547538757324,-7.12419128418,0.264851917952,large_divergent
007,032,479,Ni6Sc36Te12,OH,grok,grok4_mace_mp0_small,grok4_mace_mp0_small,grok4_mace_mp0_small,grok4_mace_mp0_small,grok4_mace_mp0_small,grok4_mace_mp0_small,grok-4,MACE-MP-0 small,mace,mace_mp0,small,no_slip,-6.63011169434,-7.22801208496,-6.63011169434,-7.22801208496,-7.22801208496,0.597900390625,-7.22801208496,0.292910174808,large_divergent
007,032,479,Ni6Sc36Te12,OH,grok,grok4_mace_mp0_small,grok4_mace_mp0_small,grok4_mace_mp0_small,grok4_mace_mp0_small,grok4_mace_mp0_small,grok4_mace_mp0_small,grok-4,MACE-MP-0 small,mace,mace_mp0,small,no_forbid,-7.11375427246,-7.11375427246,-6.63011169434,-7.11375427246,-6.57665252686,0.537101745605,-7.11375427246,0.250601130733,large_divergent
007,032,479,Ni6Sc36Te12,OH,grok,grok4_mace_mp0_small,grok4_mace_mp0_small,grok4_mace_mp0_small,grok4_mace_mp0_small,grok4_mace_mp0_small,grok4_mace_mp0_small,grok-4,MACE-MP-0 small,mace,mace_mp0,small,no_termination,-7.22801208496,-7.12419128418,-7.11375427246,-7.11375427246,-7.21369934082,0.1142578125,-7.22801208496,0.0511080802863,divergent
007,032,479,Ni6Sc36Te12,OH,grok,grok4_mace_mp0_small,grok4_mace_mp0_small,grok4_mace_mp0_small,grok4_mace_mp0_small,grok4_mace_mp0_small,grok4_mace_mp0_small,grok-4,MACE-MP-0 small,mace,mace_mp0,small,one_shot,-6.57665252686,-6.57665252686,-6.57665252686,-6.57665252686,-6.57665252686,0,-6.57665252686,0,exact_match
008,035,513,Pd24Zr24,OH,grok,grok4_mace_mp0_small,grok4_mace_mp0_small,grok4_mace_mp0_small,grok4_mace_mp0_small,grok4_mace_mp0_small,grok4_mace_mp0_small,grok-4,MACE-MP-0 small,mace,mace_mp0,small,full,-6.24198913574,-6.23320007324,-6.17626190186,-6.23121643066,-6.23115539551,0.0657272338867,-6.24198913574,0.0235916158914,moderate
008,035,513,Pd24Zr24,OH,grok,grok4_mace_mp0_small,grok4_mace_mp0_small,grok4_mace_mp0_small,grok4_mace_mp0_small,grok4_mace_mp0_small,grok4_mace_mp0_small,grok-4,MACE-MP-0 small,mace,mace_mp0,small,no_slip,-6.23118591309,-6.23118591309,-6.23115539551,-6.23115539551,-6.06829071045,0.162895202637,-6.23118591309,0.0651519789685,divergent
008,035,513,Pd24Zr24,OH,grok,grok4_mace_mp0_small,grok4_mace_mp0_small,grok4_mace_mp0_small,grok4_mace_mp0_small,grok4_mace_mp0_small,grok4_mace_mp0_small,grok-4,MACE-MP-0 small,mace,mace_mp0,small,no_forbid,-6.23109436035,-6.23094177246,-6.17626190186,-6.17626190186,-6.17626190186,0.0548324584961,-6.23109436035,0.0268249760824,moderate
008,035,513,Pd24Zr24,OH,grok,grok4_mace_mp0_small,grok4_mace_mp0_small,grok4_mace_mp0_small,grok4_mace_mp0_small,grok4_mace_mp0_small,grok4_mace_mp0_small,grok-4,MACE-MP-0 small,mace,mace_mp0,small,no_termination,-6.2310333252,-6.17632293701,-6.17626190186,-6.17649841309,-6.23115539551,0.0548934936523,-6.23115539551,0.0268138600444,moderate
008,035,513,Pd24Zr24,OH,grok,grok4_mace_mp0_small,grok4_mace_mp0_small,grok4_mace_mp0_small,grok4_mace_mp0_small,grok4_mace_mp0_small,grok4_mace_mp0_small,grok-4,MACE-MP-0 small,mace,mace_mp0,small,one_shot,-6.04582214355,-6.04582214355,-6.17626190186,-6.17626190186,-6.17626190186,0.130439758301,-6.17626190186,0.0639021700018,divergent
009,036,530,Co32Y48,[NH],grok,grok4_mace_mp0_small,grok4_mace_mp0_small,grok4_mace_mp0_small,grok4_mace_mp0_small,grok4_mace_mp0_small,grok4_mace_mp0_small,grok-4,MACE-MP-0 small,mace,mace_mp0,small,full,-10.2085371017,-10.1181440353,-10.2085371017,-10.6069135666,-9.68157196045,0.92534160614,-10.6069135666,0.294949613865,large_divergent
009,036,530,Co32Y48,[NH],grok,grok4_mace_mp0_small,grok4_mace_mp0_small,grok4_mace_mp0_small,grok4_mace_mp0_small,grok4_mace_mp0_small,grok4_mace_mp0_small,grok-4,MACE-MP-0 small,mace,mace_mp0,small,no_slip,-10.6433515549,-10.6433515549,-10.6433515549,-10.6433515549,-10.6433515549,1.7763568394e-15,-10.6433515549,8.70233571527e-16,exact_match
009,036,530,Co32Y48,[NH],grok,grok4_mace_mp0_small,grok4_mace_mp0_small,grok4_mace_mp0_small,grok4_mace_mp0_small,grok4_mace_mp0_small,grok4_mace_mp0_small,grok-4,MACE-MP-0 small,mace,mace_mp0,small,no_forbid,-10.6069135666,-10.6433515549,-10.6433515549,-10.6069135666,-10.6069135666,0.0364379882812,-10.6433515549,0.0178508957085,minor
009,036,530,Co32Y48,[NH],grok,grok4_mace_mp0_small,grok4_mace_mp0_small,grok4_mace_mp0_small,grok4_mace_mp0_small,grok4_mace_mp0_small,grok4_mace_mp0_small,grok-4,MACE-MP-0 small,mace,mace_mp0,small,no_termination,-10.6069135666,-10.6069135666,-10.6069135666,-10.6069135666,-10.6433515549,0.0364379882812,-10.6433515549,0.0145751953125,minor
009,036,530,Co32Y48,[NH],grok,grok4_mace_mp0_small,grok4_mace_mp0_small,grok4_mace_mp0_small,grok4_mace_mp0_small,grok4_mace_mp0_small,grok4_mace_mp0_small,grok-4,MACE-MP-0 small,mace,mace_mp0,small,one_shot,-9.68151092529,-9.95731639862,-9.68157196045,-9.68157196045,-9.68157196045,0.275805473328,-9.95731639862,0.110303881317,divergent
010,041,596,Cr18Pt18,H,grok,grok4_mace_mp0_small,grok4_mace_mp0_small,grok4_mace_mp0_small,grok4_mace_mp0_small,grok4_mace_mp0_small,grok4_mace_mp0_small,grok-4,MACE-MP-0 small,mace,mace_mp0,small,full,-4.74319911003,-4.74319911003,-4.95904994011,-4.74316859245,-4.95904994011,0.215881347656,-4.95904994011,0.105749862936,divergent
010,041,596,Cr18Pt18,H,grok,grok4_mace_mp0_small,grok4_mace_mp0_small,grok4_mace_mp0_small,grok4_mace_mp0_small,grok4_mace_mp0_small,grok4_mace_mp0_small,grok-4,MACE-MP-0 small,mace,mace_mp0,small,no_slip,-4.95904994011,-4.74319911003,-4.69467616081,-4.74319911003,-4.74316859245,0.264373779297,-4.95904994011,0.0931110915256,divergent
010,041,596,Cr18Pt18,H,grok,grok4_mace_mp0_small,grok4_mace_mp0_small,grok4_mace_mp0_small,grok4_mace_mp0_small,grok4_mace_mp0_small,grok4_mace_mp0_small,grok-4,MACE-MP-0 small,mace,mace_mp0,small,no_forbid,-4.95904994011,-4.95904994011,-4.74316859245,-4.95904994011,-4.95904994011,0.215881347656,-4.95904994011,0.0863525390625,divergent
010,041,596,Cr18Pt18,H,grok,grok4_mace_mp0_small,grok4_mace_mp0_small,grok4_mace_mp0_small,grok4_mace_mp0_small,grok4_mace_mp0_small,grok4_mace_mp0_small,grok-4,MACE-MP-0 small,mace,mace_mp0,small,no_termination,-4.95904994011,-4.74316859245,-4.74316859245,-4.74316859245,-4.74316859245,0.215881347656,-4.95904994011,0.0863525390625,divergent
010,041,596,Cr18Pt18,H,grok,grok4_mace_mp0_small,grok4_mace_mp0_small,grok4_mace_mp0_small,grok4_mace_mp0_small,grok4_mace_mp0_small,grok4_mace_mp0_small,grok-4,MACE-MP-0 small,mace,mace_mp0,small,one_shot,-4.74316859245,-4.74316859245,-4.69467616081,-4.74316859245,-4.74316859245,0.0484924316406,-4.74316859245,0.0193969726563,minor
011,048,735,Re27Ti27,[NH2],grok,grok4_mace_mp0_small,grok4_mace_mp0_small,grok4_mace_mp0_small,grok4_mace_mp0_small,grok4_mace_mp0_small,grok4_mace_mp0_small,grok-4,MACE-MP-0 small,mace,mace_mp0,small,full,-11.6576480865,-11.6592960358,-11.6547794342,-11.6547794342,-10.6318397522,1.02745628357,-11.6592960358,0.409918055858,severe
011,048,735,Re27Ti27,[NH2],grok,grok4_mace_mp0_small,grok4_mace_mp0_small,grok4_mace_mp0_small,grok4_mace_mp0_small,grok4_mace_mp0_small,grok4_mace_mp0_small,grok-4,MACE-MP-0 small,mace,mace_mp0,small,no_slip,-11.6582584381,-11.6547794342,-11.6547794342,-11.6547794342,-11.6547794342,0.00347900390625,-11.6582584381,0.0013916015625,match
011,048,735,Re27Ti27,[NH2],grok,grok4_mace_mp0_small,grok4_mace_mp0_small,grok4_mace_mp0_small,grok4_mace_mp0_small,grok4_mace_mp0_small,grok4_mace_mp0_small,grok-4,MACE-MP-0 small,mace,mace_mp0,small,no_forbid,-11.6545963287,-11.6547794342,-11.6547794342,-11.6547794342,-11.65899086,0.00439453125,-11.65899086,0.00170435687669,match
011,048,735,Re27Ti27,[NH2],grok,grok4_mace_mp0_small,grok4_mace_mp0_small,grok4_mace_mp0_small,grok4_mace_mp0_small,grok4_mace_mp0_small,grok4_mace_mp0_small,grok-4,MACE-MP-0 small,mace,mace_mp0,small,no_termination,-11.67461586,-11.6547794342,-11.6547794342,-11.656671524,-11.6547794342,0.0198364257812,-11.67461586,0.00777995004481,minor
011,048,735,Re27Ti27,[NH2],grok,grok4_mace_mp0_small,grok4_mace_mp0_small,grok4_mace_mp0_small,grok4_mace_mp0_small,grok4_mace_mp0_small,grok4_mace_mp0_small,grok-4,MACE-MP-0 small,mace,mace_mp0,small,one_shot,-10.6319007874,-10.6332435608,-10.6318397522,-11.6545352936,-11.6547794342,1.02293968201,-11.6547794342,0.500837299093,severe
012,050,768,Ga24Y24,H,grok,grok4_mace_mp0_small,grok4_mace_mp0_small,grok4_mace_mp0_small,grok4_mace_mp0_small,grok4_mace_mp0_small,grok4_mace_mp0_small,grok-4,MACE-MP-0 small,mace,mace_mp0,small,full,-3.50413966179,-3.33806300163,-3.33806300163,-3.50413966179,-3.50413966179,0.166076660156,-3.50413966179,0.0813606151137,divergent
012,050,768,Ga24Y24,H,grok,grok4_mace_mp0_small,grok4_mace_mp0_small,grok4_mace_mp0_small,grok4_mace_mp0_small,grok4_mace_mp0_small,grok4_mace_mp0_small,grok-4,MACE-MP-0 small,mace,mace_mp0,small,no_slip,-3.50413966179,-3.50413966179,-3.33806300163,-3.50413966179,-3.33806300163,0.166076660156,-3.50413966179,0.0813606151137,divergent
012,050,768,Ga24Y24,H,grok,grok4_mace_mp0_small,grok4_mace_mp0_small,grok4_mace_mp0_small,grok4_mace_mp0_small,grok4_mace_mp0_small,grok4_mace_mp0_small,grok-4,MACE-MP-0 small,mace,mace_mp0,small,no_forbid,-3.50413966179,-3.50413966179,-3.50413966179,-3.50413966179,-3.25667262077,0.247467041016,-3.50413966179,0.0989868164062,divergent
012,050,768,Ga24Y24,H,grok,grok4_mace_mp0_small,grok4_mace_mp0_small,grok4_mace_mp0_small,grok4_mace_mp0_small,grok4_mace_mp0_small,grok4_mace_mp0_small,grok-4,MACE-MP-0 small,mace,mace_mp0,small,no_termination,-3.50413966179,-3.50413966179,-3.33806300163,-3.50413966179,-3.50413966179,0.166076660156,-3.50413966179,0.0664306640625,divergent
012,050,768,Ga24Y24,H,grok,grok4_mace_mp0_small,grok4_mace_mp0_small,grok4_mace_mp0_small,grok4_mace_mp0_small,grok4_mace_mp0_small,grok4_mace_mp0_small,grok-4,MACE-MP-0 small,mace,mace_mp0,small,one_shot,-3.32411646843,-3.33806300163,-3.25667262077,-3.25667262077,-3.25667262077,0.0813903808594,-3.33806300163,0.036722584788,moderate
