case_id,backend_key,backend,llm_model,force_field,calculator_backend,force_field_model,force_field_size,variant,best_energy_eV,success,run_path,iterations,wasted_iterations,waste_ratio,slip_count,dissociation_count,tokens_used
01,gpt,gpt54_mace_mp0_small,gpt-5.4-2026-03-05,MACE-MP-0 small,mace,mace_mp0,small,full,-3.627323865890503,TRUE,research/results/basic_experiments/cmu20/gpt54_mace_mp0_small/full/01,4,0,0.0,3,0,28857
01,gpt,gpt54_mace_mp0_small,gpt-5.4-2026-03-05,MACE-MP-0 small,mace,mace_mp0,small,no_slip,-3.627323865890503,TRUE,research/results/basic_experiments/cmu20/gpt54_mace_mp0_small/no_slip/01,4,0,0.0,3,0,26372
01,gpt,gpt54_mace_mp0_small,gpt-5.4-2026-03-05,MACE-MP-0 small,mace,mace_mp0,small,no_forbid,-3.627323865890503,TRUE,research/results/basic_experiments/cmu20/gpt54_mace_mp0_small/no_forbid/01,4,0,0.0,3,0,29003
01,gpt,gpt54_mace_mp0_small,gpt-5.4-2026-03-05,MACE-MP-0 small,mace,mace_mp0,small,no_termination,-3.630131483078003,TRUE,research/results/basic_experiments/cmu20/gpt54_mace_mp0_small/no_termination/01,5,0,0.0,4,0,27843
01,gpt,gpt54_mace_mp0_small,gpt-5.4-2026-03-05,MACE-MP-0 small,mace,mace_mp0,small,one_shot,-3.557255506515503,TRUE,research/results/basic_experiments/cmu20/gpt54_mace_mp0_small/one_shot/01,1,0,0.0,1,0,4278
01,claude,claude_sonnet46_mace_mp0_small,claude-sonnet-4-6,MACE-MP-0 small,mace,mace_mp0,small,full,-3.630131483078003,TRUE,research/results/basic_experiments/cmu20/claude_sonnet46_mace_mp0_small/full/01,4,0,0.0,3,0,32852
01,claude,claude_sonnet46_mace_mp0_small,claude-sonnet-4-6,MACE-MP-0 small,mace,mace_mp0,small,no_slip,-3.630131483078003,TRUE,research/results/basic_experiments/cmu20/claude_sonnet46_mace_mp0_small/no_slip/01,5,0,0.0,4,0,34868
01,claude,claude_sonnet46_mace_mp0_small,claude-sonnet-4-6,MACE-MP-0 small,mace,mace_mp0,small,no_forbid,-3.623600721359253,TRUE,research/results/basic_experiments/cmu20/claude_sonnet46_mace_mp0_small/no_forbid/01,3,0,0.0,2,0,29249
01,claude,claude_sonnet46_mace_mp0_small,claude-sonnet-4-6,MACE-MP-0 small,mace,mace_mp0,small,no_termination,-3.630131483078003,TRUE,research/results/basic_experiments/cmu20/claude_sonnet46_mace_mp0_small/no_termination/01,5,0,0.0,4,0,35690
01,claude,claude_sonnet46_mace_mp0_small,claude-sonnet-4-6,MACE-MP-0 small,mace,mace_mp0,small,one_shot,-3.557255506515503,TRUE,research/results/basic_experiments/cmu20/claude_sonnet46_mace_mp0_small/one_shot/01,1,0,0.0,1,0,5609
01,gemini,gemini25pro_mace_mp0_small,gemini-2.5-pro,MACE-MP-0 small,mace,mace_mp0,small,full,-3.6317179203033447,TRUE,research/results/basic_experiments/cmu20/gemini25pro_mace_mp0_small/full/01,5,0,0.0,4,0,42814
01,gemini,gemini25pro_mace_mp0_small,gemini-2.5-pro,MACE-MP-0 small,mace,mace_mp0,small,one_shot,-3.5662882328033447,TRUE,research/results/basic_experiments/cmu20/gemini25pro_mace_mp0_small/one_shot/01,1,0,0.0,1,0,6411
01,gemini,gemini25pro_mace_mp0_small,gemini-2.5-pro,MACE-MP-0 small,mace,mace_mp0,small,no_slip,-3.6317179203033447,TRUE,research/results/basic_experiments/cmu20/gemini25pro_mace_mp0_small/no_slip/01,5,0,0.0,4,0,39060
01,gemini,gemini25pro_mace_mp0_small,gemini-2.5-pro,MACE-MP-0 small,mace,mace_mp0,small,no_forbid,-3.6317179203033447,TRUE,research/results/basic_experiments/cmu20/gemini25pro_mace_mp0_small/no_forbid/01,5,0,0.0,4,0,39753
01,gemini,gemini25pro_mace_mp0_small,gemini-2.5-pro,MACE-MP-0 small,mace,mace_mp0,small,no_termination,-3.6317179203033447,TRUE,research/results/basic_experiments/cmu20/gemini25pro_mace_mp0_small/no_termination/01,5,0,0.0,4,0,40549
01,grok,grok4_mace_mp0_small,grok-4,MACE-MP-0 small,mace,mace_mp0,small,full,-3.6317179203033447,TRUE,research/results/basic_experiments/cmu20/grok4_mace_mp0_small/full/01,5,0,0.0,4,0,35177
01,grok,grok4_mace_mp0_small,grok-4,MACE-MP-0 small,mace,mace_mp0,small,no_slip,-3.6317179203033447,TRUE,research/results/basic_experiments/cmu20/grok4_mace_mp0_small/no_slip/01,5,0,0.0,4,0,33506
01,grok,grok4_mace_mp0_small,grok-4,MACE-MP-0 small,mace,mace_mp0,small,no_forbid,-3.6317179203033447,TRUE,research/results/basic_experiments/cmu20/grok4_mace_mp0_small/no_forbid/01,5,0,0.0,4,0,35214
01,grok,grok4_mace_mp0_small,grok-4,MACE-MP-0 small,mace,mace_mp0,small,no_termination,-3.6317179203033447,TRUE,research/results/basic_experiments/cmu20/grok4_mace_mp0_small/no_termination/01,5,0,0.0,4,0,36283
01,grok,grok4_mace_mp0_small,grok-4,MACE-MP-0 small,mace,mace_mp0,small,one_shot,-3.6311686038970943,TRUE,research/results/basic_experiments/cmu20/grok4_mace_mp0_small/one_shot/01,1,0,0.0,0,0,6419
02,gpt,gpt54_mace_mp0_small,gpt-5.4-2026-03-05,MACE-MP-0 small,mace,mace_mp0,small,full,-4.769039154052734,TRUE,research/results/basic_experiments/cmu20/gpt54_mace_mp0_small/full/02,5,0,0.0,4,0,28966
02,gpt,gpt54_mace_mp0_small,gpt-5.4-2026-03-05,MACE-MP-0 small,mace,mace_mp0,small,no_slip,-4.764400482177734,TRUE,research/results/basic_experiments/cmu20/gpt54_mace_mp0_small/no_slip/02,5,0,0.0,4,0,27222
02,gpt,gpt54_mace_mp0_small,gpt-5.4-2026-03-05,MACE-MP-0 small,mace,mace_mp0,small,no_forbid,-4.769039154052734,TRUE,research/results/basic_experiments/cmu20/gpt54_mace_mp0_small/no_forbid/02,5,0,0.0,4,0,29099
02,gpt,gpt54_mace_mp0_small,gpt-5.4-2026-03-05,MACE-MP-0 small,mace,mace_mp0,small,no_termination,-4.769039154052734,TRUE,research/results/basic_experiments/cmu20/gpt54_mace_mp0_small/no_termination/02,5,0,0.0,4,0,28286
02,gpt,gpt54_mace_mp0_small,gpt-5.4-2026-03-05,MACE-MP-0 small,mace,mace_mp0,small,one_shot,-4.342861175537109,TRUE,research/results/basic_experiments/cmu20/gpt54_mace_mp0_small/one_shot/02,1,0,0.0,1,0,4565
02,claude,claude_sonnet46_mace_mp0_small,claude-sonnet-4-6,MACE-MP-0 small,mace,mace_mp0,small,full,-4.769039154052734,TRUE,research/results/basic_experiments/cmu20/claude_sonnet46_mace_mp0_small/full/02,5,0,0.0,4,0,38505
02,claude,claude_sonnet46_mace_mp0_small,claude-sonnet-4-6,MACE-MP-0 small,mace,mace_mp0,small,no_slip,-4.769039154052734,TRUE,research/results/basic_experiments/cmu20/claude_sonnet46_mace_mp0_small/no_slip/02,5,0,0.0,5,0,33480
02,claude,claude_sonnet46_mace_mp0_small,claude-sonnet-4-6,MACE-MP-0 small,mace,mace_mp0,small,no_forbid,-4.769039154052734,TRUE,research/results/basic_experiments/cmu20/claude_sonnet46_mace_mp0_small/no_forbid/02,5,0,0.0,5,0,38489
02,claude,claude_sonnet46_mace_mp0_small,claude-sonnet-4-6,MACE-MP-0 small,mace,mace_mp0,small,no_termination,-4.769039154052734,TRUE,research/results/basic_experiments/cmu20/claude_sonnet46_mace_mp0_small/no_termination/02,5,0,0.0,4,0,36787
02,claude,claude_sonnet46_mace_mp0_small,claude-sonnet-4-6,MACE-MP-0 small,mace,mace_mp0,small,one_shot,-4.342861175537109,TRUE,research/results/basic_experiments/cmu20/claude_sonnet46_mace_mp0_small/one_shot/02,1,0,0.0,1,0,5682
02,gemini,gemini25pro_mace_mp0_small,gemini-2.5-pro,MACE-MP-0 small,mace,mace_mp0,small,full,-4.766019821166992,TRUE,research/results/basic_experiments/cmu20/gemini25pro_mace_mp0_small/full/02,5,0,0.0,4,0,44171
02,gemini,gemini25pro_mace_mp0_small,gemini-2.5-pro,MACE-MP-0 small,mace,mace_mp0,small,one_shot,-4.342861175537109,TRUE,research/results/basic_experiments/cmu20/gemini25pro_mace_mp0_small/one_shot/02,1,0,0.0,1,0,7777
02,gemini,gemini25pro_mace_mp0_small,gemini-2.5-pro,MACE-MP-0 small,mace,mace_mp0,small,no_slip,-4.765775680541992,TRUE,research/results/basic_experiments/cmu20/gemini25pro_mace_mp0_small/no_slip/02,5,0,0.0,5,0,44141
02,gemini,gemini25pro_mace_mp0_small,gemini-2.5-pro,MACE-MP-0 small,mace,mace_mp0,small,no_forbid,-4.765714645385742,TRUE,research/results/basic_experiments/cmu20/gemini25pro_mace_mp0_small/no_forbid/02,5,0,0.0,5,0,47968
02,gemini,gemini25pro_mace_mp0_small,gemini-2.5-pro,MACE-MP-0 small,mace,mace_mp0,small,no_termination,-4.765958786010742,TRUE,research/results/basic_experiments/cmu20/gemini25pro_mace_mp0_small/no_termination/02,5,0,0.0,4,0,45053
02,grok,grok4_mace_mp0_small,grok-4,MACE-MP-0 small,mace,mace_mp0,small,full,-4.765958786010742,TRUE,research/results/basic_experiments/cmu20/grok4_mace_mp0_small/full/02,5,0,0.0,4,0,38503
02,grok,grok4_mace_mp0_small,grok-4,MACE-MP-0 small,mace,mace_mp0,small,no_slip,-4.765958786010742,TRUE,research/results/basic_experiments/cmu20/grok4_mace_mp0_small/no_slip/02,5,0,0.0,5,0,35712
02,grok,grok4_mace_mp0_small,grok-4,MACE-MP-0 small,mace,mace_mp0,small,no_forbid,-4.759977340698242,TRUE,research/results/basic_experiments/cmu20/grok4_mace_mp0_small/no_forbid/02,5,0,0.0,4,0,36406
02,grok,grok4_mace_mp0_small,grok-4,MACE-MP-0 small,mace,mace_mp0,small,no_termination,-4.765958786010742,TRUE,research/results/basic_experiments/cmu20/grok4_mace_mp0_small/no_termination/02,5,0,0.0,4,0,37383
02,grok,grok4_mace_mp0_small,grok-4,MACE-MP-0 small,mace,mace_mp0,small,one_shot,-4.150495529174805,TRUE,research/results/basic_experiments/cmu20/grok4_mace_mp0_small/one_shot/02,1,0,0.0,1,0,6507
03,gpt,gpt54_mace_mp0_small,gpt-5.4-2026-03-05,MACE-MP-0 small,mace,mace_mp0,small,full,-3.351963758468628,TRUE,research/results/basic_experiments/cmu20/gpt54_mace_mp0_small/full/03,2,0,0.0,1,0,15492
03,gpt,gpt54_mace_mp0_small,gpt-5.4-2026-03-05,MACE-MP-0 small,mace,mace_mp0,small,no_slip,-3.351963758468628,TRUE,research/results/basic_experiments/cmu20/gpt54_mace_mp0_small/no_slip/03,4,0,0.0,2,0,24410
03,gpt,gpt54_mace_mp0_small,gpt-5.4-2026-03-05,MACE-MP-0 small,mace,mace_mp0,small,no_forbid,-3.351963758468628,TRUE,research/results/basic_experiments/cmu20/gpt54_mace_mp0_small/no_forbid/03,5,0,0.0,2,0,27395
03,gpt,gpt54_mace_mp0_small,gpt-5.4-2026-03-05,MACE-MP-0 small,mace,mace_mp0,small,no_termination,-3.351963758468628,TRUE,research/results/basic_experiments/cmu20/gpt54_mace_mp0_small/no_termination/03,5,0,0.0,2,0,26720
03,gpt,gpt54_mace_mp0_small,gpt-5.4-2026-03-05,MACE-MP-0 small,mace,mace_mp0,small,one_shot,-3.351963758468628,TRUE,research/results/basic_experiments/cmu20/gpt54_mace_mp0_small/one_shot/03,1,0,0.0,0,0,4523
03,claude,claude_sonnet46_mace_mp0_small,claude-sonnet-4-6,MACE-MP-0 small,mace,mace_mp0,small,full,-3.351963758468628,TRUE,research/results/basic_experiments/cmu20/claude_sonnet46_mace_mp0_small/full/03,2,0,0.0,1,0,20732
03,claude,claude_sonnet46_mace_mp0_small,claude-sonnet-4-6,MACE-MP-0 small,mace,mace_mp0,small,no_slip,-3.351963758468628,TRUE,research/results/basic_experiments/cmu20/claude_sonnet46_mace_mp0_small/no_slip/03,5,0,0.0,3,0,33902
03,claude,claude_sonnet46_mace_mp0_small,claude-sonnet-4-6,MACE-MP-0 small,mace,mace_mp0,small,no_forbid,-3.351963758468628,TRUE,research/results/basic_experiments/cmu20/claude_sonnet46_mace_mp0_small/no_forbid/03,4,0,0.0,1,0,37362
03,claude,claude_sonnet46_mace_mp0_small,claude-sonnet-4-6,MACE-MP-0 small,mace,mace_mp0,small,no_termination,-3.351963758468628,TRUE,research/results/basic_experiments/cmu20/claude_sonnet46_mace_mp0_small/no_termination/03,5,0,0.0,2,0,35510
03,claude,claude_sonnet46_mace_mp0_small,claude-sonnet-4-6,MACE-MP-0 small,mace,mace_mp0,small,one_shot,-3.351963758468628,TRUE,research/results/basic_experiments/cmu20/claude_sonnet46_mace_mp0_small/one_shot/03,1,0,0.0,0,0,5741
03,gemini,gemini25pro_mace_mp0_small,gemini-2.5-pro,MACE-MP-0 small,mace,mace_mp0,small,full,-3.351963758468628,TRUE,research/results/basic_experiments/cmu20/gemini25pro_mace_mp0_small/full/03,5,0,0.0,3,0,26258
03,gemini,gemini25pro_mace_mp0_small,gemini-2.5-pro,MACE-MP-0 small,mace,mace_mp0,small,one_shot,-3.351963758468628,TRUE,research/results/basic_experiments/cmu20/gemini25pro_mace_mp0_small/one_shot/03,1,0,0.0,0,0,4258
03,gemini,gemini25pro_mace_mp0_small,gemini-2.5-pro,MACE-MP-0 small,mace,mace_mp0,small,no_slip,-3.351963758468628,TRUE,research/results/basic_experiments/cmu20/gemini25pro_mace_mp0_small/no_slip/03,5,0,0.0,3,0,25910
03,gemini,gemini25pro_mace_mp0_small,gemini-2.5-pro,MACE-MP-0 small,mace,mace_mp0,small,no_forbid,-3.351963758468628,TRUE,research/results/basic_experiments/cmu20/gemini25pro_mace_mp0_small/no_forbid/03,5,0,0.0,2,0,26477
03,gemini,gemini25pro_mace_mp0_small,gemini-2.5-pro,MACE-MP-0 small,mace,mace_mp0,small,no_termination,-3.351963758468628,TRUE,research/results/basic_experiments/cmu20/gemini25pro_mace_mp0_small/no_termination/03,5,0,0.0,3,0,25742
03,grok,grok4_mace_mp0_small,grok-4,MACE-MP-0 small,mace,mace_mp0,small,full,-3.351963758468628,TRUE,research/results/basic_experiments/cmu20/grok4_mace_mp0_small/full/03,5,0,0.0,3,0,35502
03,grok,grok4_mace_mp0_small,grok-4,MACE-MP-0 small,mace,mace_mp0,small,no_slip,-3.351963758468628,TRUE,research/results/basic_experiments/cmu20/grok4_mace_mp0_small/no_slip/03,5,0,0.0,3,0,32570
03,grok,grok4_mace_mp0_small,grok-4,MACE-MP-0 small,mace,mace_mp0,small,no_forbid,-3.351963758468628,TRUE,research/results/basic_experiments/cmu20/grok4_mace_mp0_small/no_forbid/03,5,0,0.0,3,0,35005
03,grok,grok4_mace_mp0_small,grok-4,MACE-MP-0 small,mace,mace_mp0,small,no_termination,-3.351963758468628,TRUE,research/results/basic_experiments/cmu20/grok4_mace_mp0_small/no_termination/03,5,0,0.0,3,0,33266
03,grok,grok4_mace_mp0_small,grok-4,MACE-MP-0 small,mace,mace_mp0,small,one_shot,-3.320255994796753,TRUE,research/results/basic_experiments/cmu20/grok4_mace_mp0_small/one_shot/03,1,0,0.0,1,0,5852
04,gpt,gpt54_mace_mp0_small,gpt-5.4-2026-03-05,MACE-MP-0 small,mace,mace_mp0,small,full,-2.2549095153808594,TRUE,research/results/basic_experiments/cmu20/gpt54_mace_mp0_small/full/04,4,0,0.0,3,0,30763
04,gpt,gpt54_mace_mp0_small,gpt-5.4-2026-03-05,MACE-MP-0 small,mace,mace_mp0,small,no_slip,-2.2549095153808594,TRUE,research/results/basic_experiments/cmu20/gpt54_mace_mp0_small/no_slip/04,5,0,0.0,4,0,27613
04,gpt,gpt54_mace_mp0_small,gpt-5.4-2026-03-05,MACE-MP-0 small,mace,mace_mp0,small,no_forbid,-2.2549095153808594,TRUE,research/results/basic_experiments/cmu20/gpt54_mace_mp0_small/no_forbid/04,5,0,0.0,3,1,30442
04,gpt,gpt54_mace_mp0_small,gpt-5.4-2026-03-05,MACE-MP-0 small,mace,mace_mp0,small,no_termination,-2.2549095153808594,TRUE,research/results/basic_experiments/cmu20/gpt54_mace_mp0_small/no_termination/04,5,0,0.0,4,0,29735
04,gpt,gpt54_mace_mp0_small,gpt-5.4-2026-03-05,MACE-MP-0 small,mace,mace_mp0,small,one_shot,-2.2427330017089844,TRUE,research/results/basic_experiments/cmu20/gpt54_mace_mp0_small/one_shot/04,1,0,0.0,1,0,5135
04,claude,claude_sonnet46_mace_mp0_small,claude-sonnet-4-6,MACE-MP-0 small,mace,mace_mp0,small,full,-2.2848472595214844,TRUE,research/results/basic_experiments/cmu20/claude_sonnet46_mace_mp0_small/full/04,5,0,0.0,4,1,40331
04,claude,claude_sonnet46_mace_mp0_small,claude-sonnet-4-6,MACE-MP-0 small,mace,mace_mp0,small,no_slip,-2.2833213806152344,TRUE,research/results/basic_experiments/cmu20/claude_sonnet46_mace_mp0_small/no_slip/04,5,0,0.0,5,0,35763
04,claude,claude_sonnet46_mace_mp0_small,claude-sonnet-4-6,MACE-MP-0 small,mace,mace_mp0,small,no_forbid,-2.2851524353027344,TRUE,research/results/basic_experiments/cmu20/claude_sonnet46_mace_mp0_small/no_forbid/04,5,0,0.0,4,0,39326
04,claude,claude_sonnet46_mace_mp0_small,claude-sonnet-4-6,MACE-MP-0 small,mace,mace_mp0,small,no_termination,-2.2427330017089844,TRUE,research/results/basic_experiments/cmu20/claude_sonnet46_mace_mp0_small/no_termination/04,5,0,0.0,4,1,38572
04,claude,claude_sonnet46_mace_mp0_small,claude-sonnet-4-6,MACE-MP-0 small,mace,mace_mp0,small,one_shot,-1.8452110290527344,TRUE,research/results/basic_experiments/cmu20/claude_sonnet46_mace_mp0_small/one_shot/04,1,0,0.0,1,0,6284
04,gemini,gemini25pro_mace_mp0_small,gemini-2.5-pro,MACE-MP-0 small,mace,mace_mp0,small,full,-2.0603294372558594,TRUE,research/results/basic_experiments/cmu20/gemini25pro_mace_mp0_small/full/04,5,0,0.0,4,3,44081
04,gemini,gemini25pro_mace_mp0_small,gemini-2.5-pro,MACE-MP-0 small,mace,mace_mp0,small,one_shot,-2.2852134704589844,TRUE,research/results/basic_experiments/cmu20/gemini25pro_mace_mp0_small/one_shot/04,1,0,0.0,1,0,3594
04,gemini,gemini25pro_mace_mp0_small,gemini-2.5-pro,MACE-MP-0 small,mace,mace_mp0,small,no_slip,-2.1948204040527344,TRUE,research/results/basic_experiments/cmu20/gemini25pro_mace_mp0_small/no_slip/04,5,0,0.0,4,2,43248
04,gemini,gemini25pro_mace_mp0_small,gemini-2.5-pro,MACE-MP-0 small,mace,mace_mp0,small,no_forbid,-2.0389671325683594,TRUE,research/results/basic_experiments/cmu20/gemini25pro_mace_mp0_small/no_forbid/04,5,0,0.0,4,3,43738
04,gemini,gemini25pro_mace_mp0_small,gemini-2.5-pro,MACE-MP-0 small,mace,mace_mp0,small,no_termination,-1.8452110290527344,TRUE,research/results/basic_experiments/cmu20/gemini25pro_mace_mp0_small/no_termination/04,5,0,0.0,5,4,48928
04,grok,grok4_mace_mp0_small,grok-4,MACE-MP-0 small,mace,mace_mp0,small,full,-2.2549095153808594,TRUE,research/results/basic_experiments/cmu20/grok4_mace_mp0_small/full/04,5,0,0.0,3,2,39382
04,grok,grok4_mace_mp0_small,grok-4,MACE-MP-0 small,mace,mace_mp0,small,no_slip,-2.0389671325683594,TRUE,research/results/basic_experiments/cmu20/grok4_mace_mp0_small/no_slip/04,5,0,0.0,4,3,35759
04,grok,grok4_mace_mp0_small,grok-4,MACE-MP-0 small,mace,mace_mp0,small,no_forbid,-1.8452110290527344,TRUE,research/results/basic_experiments/cmu20/grok4_mace_mp0_small/no_forbid/04,1,0,0.0,1,0,6256
04,grok,grok4_mace_mp0_small,grok-4,MACE-MP-0 small,mace,mace_mp0,small,no_termination,-2.2549095153808594,TRUE,research/results/basic_experiments/cmu20/grok4_mace_mp0_small/no_termination/04,5,0,0.0,3,2,37742
04,grok,grok4_mace_mp0_small,grok-4,MACE-MP-0 small,mace,mace_mp0,small,one_shot,-1.657941818237305,TRUE,research/results/basic_experiments/cmu20/grok4_mace_mp0_small/one_shot/04,1,0,0.0,1,0,3201
05,gpt,gpt54_mace_mp0_small,gpt-5.4-2026-03-05,MACE-MP-0 small,mace,mace_mp0,small,full,-2.961643934249878,TRUE,research/results/basic_experiments/cmu20/gpt54_mace_mp0_small/full/05,4,0,0.0,1,0,27579
05,gpt,gpt54_mace_mp0_small,gpt-5.4-2026-03-05,MACE-MP-0 small,mace,mace_mp0,small,no_slip,-2.961643934249878,TRUE,research/results/basic_experiments/cmu20/gpt54_mace_mp0_small/no_slip/05,2,0,0.0,0,0,14783
05,gpt,gpt54_mace_mp0_small,gpt-5.4-2026-03-05,MACE-MP-0 small,mace,mace_mp0,small,no_forbid,-2.961643934249878,TRUE,research/results/basic_experiments/cmu20/gpt54_mace_mp0_small/no_forbid/05,4,0,0.0,2,0,26342
05,gpt,gpt54_mace_mp0_small,gpt-5.4-2026-03-05,MACE-MP-0 small,mace,mace_mp0,small,no_termination,-2.961643934249878,TRUE,research/results/basic_experiments/cmu20/gpt54_mace_mp0_small/no_termination/05,5,0,0.0,3,0,26963
05,gpt,gpt54_mace_mp0_small,gpt-5.4-2026-03-05,MACE-MP-0 small,mace,mace_mp0,small,one_shot,-2.842610120773315,TRUE,research/results/basic_experiments/cmu20/gpt54_mace_mp0_small/one_shot/05,1,0,0.0,0,0,4586
05,claude,claude_sonnet46_mace_mp0_small,claude-sonnet-4-6,MACE-MP-0 small,mace,mace_mp0,small,full,-2.961643934249878,TRUE,research/results/basic_experiments/cmu20/claude_sonnet46_mace_mp0_small/full/05,3,0,0.0,1,0,30970
05,claude,claude_sonnet46_mace_mp0_small,claude-sonnet-4-6,MACE-MP-0 small,mace,mace_mp0,small,no_slip,-2.961628675460815,TRUE,research/results/basic_experiments/cmu20/claude_sonnet46_mace_mp0_small/no_slip/05,4,0,0.0,2,0,29142
05,claude,claude_sonnet46_mace_mp0_small,claude-sonnet-4-6,MACE-MP-0 small,mace,mace_mp0,small,no_forbid,-2.961643934249878,TRUE,research/results/basic_experiments/cmu20/claude_sonnet46_mace_mp0_small/no_forbid/05,5,0,0.0,2,0,35186
05,claude,claude_sonnet46_mace_mp0_small,claude-sonnet-4-6,MACE-MP-0 small,mace,mace_mp0,small,no_termination,-2.961643934249878,TRUE,research/results/basic_experiments/cmu20/claude_sonnet46_mace_mp0_small/no_termination/05,4,0,0.0,2,0,30971
05,claude,claude_sonnet46_mace_mp0_small,claude-sonnet-4-6,MACE-MP-0 small,mace,mace_mp0,small,one_shot,-2.961643934249878,TRUE,research/results/basic_experiments/cmu20/claude_sonnet46_mace_mp0_small/one_shot/05,1,0,0.0,0,0,6010
05,gemini,gemini25pro_mace_mp0_small,gemini-2.5-pro,MACE-MP-0 small,mace,mace_mp0,small,full,-2.961643934249878,TRUE,research/results/basic_experiments/cmu20/gemini25pro_mace_mp0_small/full/05,5,0,0.0,3,0,40932
05,gemini,gemini25pro_mace_mp0_small,gemini-2.5-pro,MACE-MP-0 small,mace,mace_mp0,small,one_shot,-2.961628675460815,TRUE,research/results/basic_experiments/cmu20/gemini25pro_mace_mp0_small/one_shot/05,1,0,0.0,0,0,7231
05,gemini,gemini25pro_mace_mp0_small,gemini-2.5-pro,MACE-MP-0 small,mace,mace_mp0,small,no_slip,-2.961643934249878,TRUE,research/results/basic_experiments/cmu20/gemini25pro_mace_mp0_small/no_slip/05,5,0,0.0,3,0,37920
05,gemini,gemini25pro_mace_mp0_small,gemini-2.5-pro,MACE-MP-0 small,mace,mace_mp0,small,no_forbid,-2.961643934249878,TRUE,research/results/basic_experiments/cmu20/gemini25pro_mace_mp0_small/no_forbid/05,3,0,0.0,1,0,19939
05,gemini,gemini25pro_mace_mp0_small,gemini-2.5-pro,MACE-MP-0 small,mace,mace_mp0,small,no_termination,-2.961643934249878,TRUE,research/results/basic_experiments/cmu20/gemini25pro_mace_mp0_small/no_termination/05,5,0,0.0,3,0,38012
05,grok,grok4_mace_mp0_small,grok-4,MACE-MP-0 small,mace,mace_mp0,small,full,-2.961628675460815,TRUE,research/results/basic_experiments/cmu20/grok4_mace_mp0_small/full/05,5,0,0.0,3,0,33755
05,grok,grok4_mace_mp0_small,grok-4,MACE-MP-0 small,mace,mace_mp0,small,no_slip,-2.961643934249878,TRUE,research/results/basic_experiments/cmu20/grok4_mace_mp0_small/no_slip/05,5,0,0.0,3,0,33696
05,grok,grok4_mace_mp0_small,grok-4,MACE-MP-0 small,mace,mace_mp0,small,no_forbid,-2.961643934249878,TRUE,research/results/basic_experiments/cmu20/grok4_mace_mp0_small/no_forbid/05,5,0,0.0,3,0,33691
05,grok,grok4_mace_mp0_small,grok-4,MACE-MP-0 small,mace,mace_mp0,small,no_termination,-2.961643934249878,TRUE,research/results/basic_experiments/cmu20/grok4_mace_mp0_small/no_termination/05,5,0,0.0,3,0,33163
05,grok,grok4_mace_mp0_small,grok-4,MACE-MP-0 small,mace,mace_mp0,small,one_shot,-2.9469187259674072,TRUE,research/results/basic_experiments/cmu20/grok4_mace_mp0_small/one_shot/05,1,0,0.0,0,0,6022
06,gpt,gpt54_mace_mp0_small,gpt-5.4-2026-03-05,MACE-MP-0 small,mace,mace_mp0,small,full,-2.164623260498047,TRUE,research/results/basic_experiments/cmu20/gpt54_mace_mp0_small/full/06,5,0,0.0,3,1,29638
06,gpt,gpt54_mace_mp0_small,gpt-5.4-2026-03-05,MACE-MP-0 small,mace,mace_mp0,small,no_slip,-2.164623260498047,TRUE,research/results/basic_experiments/cmu20/gpt54_mace_mp0_small/no_slip/06,5,0,0.0,3,1,27708
06,gpt,gpt54_mace_mp0_small,gpt-5.4-2026-03-05,MACE-MP-0 small,mace,mace_mp0,small,no_forbid,-1.8745841979980469,TRUE,research/results/basic_experiments/cmu20/gpt54_mace_mp0_small/no_forbid/06,5,0,0.0,1,2,29240
06,gpt,gpt54_mace_mp0_small,gpt-5.4-2026-03-05,MACE-MP-0 small,mace,mace_mp0,small,no_termination,-1.9020652770996096,TRUE,research/results/basic_experiments/cmu20/gpt54_mace_mp0_small/no_termination/06,5,0,0.0,2,2,29172
06,gpt,gpt54_mace_mp0_small,gpt-5.4-2026-03-05,MACE-MP-0 small,mace,mace_mp0,small,one_shot,,FALSE,research/results/basic_experiments/cmu20/gpt54_mace_mp0_small/one_shot/06,1,0,0.0,0,1,4597
06,claude,claude_sonnet46_mace_mp0_small,claude-sonnet-4-6,MACE-MP-0 small,mace,mace_mp0,small,full,-1.8745841979980469,TRUE,research/results/basic_experiments/cmu20/claude_sonnet46_mace_mp0_small/full/06,5,0,0.0,1,2,35285
06,claude,claude_sonnet46_mace_mp0_small,claude-sonnet-4-6,MACE-MP-0 small,mace,mace_mp0,small,no_slip,-2.164623260498047,TRUE,research/results/basic_experiments/cmu20/claude_sonnet46_mace_mp0_small/no_slip/06,5,0,0.0,2,2,32508
06,claude,claude_sonnet46_mace_mp0_small,claude-sonnet-4-6,MACE-MP-0 small,mace,mace_mp0,small,no_forbid,-1.8745841979980469,TRUE,research/results/basic_experiments/cmu20/claude_sonnet46_mace_mp0_small/no_forbid/06,5,0,0.0,1,2,33721
06,claude,claude_sonnet46_mace_mp0_small,claude-sonnet-4-6,MACE-MP-0 small,mace,mace_mp0,small,no_termination,-2.1646080017089844,TRUE,research/results/basic_experiments/cmu20/claude_sonnet46_mace_mp0_small/no_termination/06,5,0,0.0,3,2,37267
06,claude,claude_sonnet46_mace_mp0_small,claude-sonnet-4-6,MACE-MP-0 small,mace,mace_mp0,small,one_shot,,FALSE,research/results/basic_experiments/cmu20/claude_sonnet46_mace_mp0_small/one_shot/06,1,0,0.0,0,1,5530
06,gemini,gemini25pro_mace_mp0_small,gemini-2.5-pro,MACE-MP-0 small,mace,mace_mp0,small,full,-2.16463851928711,TRUE,research/results/basic_experiments/cmu20/gemini25pro_mace_mp0_small/full/06,5,0,0.0,2,1,27931
06,gemini,gemini25pro_mace_mp0_small,gemini-2.5-pro,MACE-MP-0 small,mace,mace_mp0,small,one_shot,,FALSE,research/results/basic_experiments/cmu20/gemini25pro_mace_mp0_small/one_shot/06,1,0,0.0,0,1,4879
06,gemini,gemini25pro_mace_mp0_small,gemini-2.5-pro,MACE-MP-0 small,mace,mace_mp0,small,no_slip,-1.8745841979980469,TRUE,research/results/basic_experiments/cmu20/gemini25pro_mace_mp0_small/no_slip/06,5,0,0.0,2,1,26655
06,gemini,gemini25pro_mace_mp0_small,gemini-2.5-pro,MACE-MP-0 small,mace,mace_mp0,small,no_forbid,-1.8745841979980469,TRUE,research/results/basic_experiments/cmu20/gemini25pro_mace_mp0_small/no_forbid/06,5,0,0.0,2,1,29421
06,gemini,gemini25pro_mace_mp0_small,gemini-2.5-pro,MACE-MP-0 small,mace,mace_mp0,small,no_termination,-1.8745841979980469,TRUE,research/results/basic_experiments/cmu20/gemini25pro_mace_mp0_small/no_termination/06,5,0,0.0,2,1,28463
06,grok,grok4_mace_mp0_small,grok-4,MACE-MP-0 small,mace,mace_mp0,small,full,-1.8745841979980469,TRUE,research/results/basic_experiments/cmu20/grok4_mace_mp0_small/full/06,5,0,0.0,1,2,32893
06,grok,grok4_mace_mp0_small,grok-4,MACE-MP-0 small,mace,mace_mp0,small,no_slip,-1.767864227294922,TRUE,research/results/basic_experiments/cmu20/grok4_mace_mp0_small/no_slip/06,5,0,0.0,3,2,33768
06,grok,grok4_mace_mp0_small,grok-4,MACE-MP-0 small,mace,mace_mp0,small,no_forbid,-1.9020652770996096,TRUE,research/results/basic_experiments/cmu20/grok4_mace_mp0_small/no_forbid/06,5,0,0.0,2,1,37436
06,grok,grok4_mace_mp0_small,grok-4,MACE-MP-0 small,mace,mace_mp0,small,no_termination,-1.8745841979980469,TRUE,research/results/basic_experiments/cmu20/grok4_mace_mp0_small/no_termination/06,5,0,0.0,1,2,33278
06,grok,grok4_mace_mp0_small,grok-4,MACE-MP-0 small,mace,mace_mp0,small,one_shot,,FALSE,research/results/basic_experiments/cmu20/grok4_mace_mp0_small/one_shot/06,1,0,0.0,0,1,6188
07,gpt,gpt54_mace_mp0_small,gpt-5.4-2026-03-05,MACE-MP-0 small,mace,mace_mp0,small,full,-7.030705213546753,TRUE,research/results/basic_experiments/cmu20/gpt54_mace_mp0_small/full/07,5,0,0.0,4,0,34279
07,gpt,gpt54_mace_mp0_small,gpt-5.4-2026-03-05,MACE-MP-0 small,mace,mace_mp0,small,no_slip,-7.051090955734253,TRUE,research/results/basic_experiments/cmu20/gpt54_mace_mp0_small/no_slip/07,5,0,0.0,5,0,25702
07,gpt,gpt54_mace_mp0_small,gpt-5.4-2026-03-05,MACE-MP-0 small,mace,mace_mp0,small,no_forbid,-7.051090955734253,TRUE,research/results/basic_experiments/cmu20/gpt54_mace_mp0_small/no_forbid/07,5,0,0.0,4,0,27991
07,gpt,gpt54_mace_mp0_small,gpt-5.4-2026-03-05,MACE-MP-0 small,mace,mace_mp0,small,no_termination,-7.030705213546753,TRUE,research/results/basic_experiments/cmu20/gpt54_mace_mp0_small/no_termination/07,5,0,0.0,4,0,27927
07,gpt,gpt54_mace_mp0_small,gpt-5.4-2026-03-05,MACE-MP-0 small,mace,mace_mp0,small,one_shot,-6.511173963546753,TRUE,research/results/basic_experiments/cmu20/gpt54_mace_mp0_small/one_shot/07,1,0,0.0,1,0,4422
07,claude,claude_sonnet46_mace_mp0_small,claude-sonnet-4-6,MACE-MP-0 small,mace,mace_mp0,small,full,-7.051090955734253,TRUE,research/results/basic_experiments/cmu20/claude_sonnet46_mace_mp0_small/full/07,4,0,0.0,4,0,40702
07,claude,claude_sonnet46_mace_mp0_small,claude-sonnet-4-6,MACE-MP-0 small,mace,mace_mp0,small,no_slip,-7.051090955734253,TRUE,research/results/basic_experiments/cmu20/claude_sonnet46_mace_mp0_small/no_slip/07,5,0,0.0,5,0,34675
07,claude,claude_sonnet46_mace_mp0_small,claude-sonnet-4-6,MACE-MP-0 small,mace,mace_mp0,small,no_forbid,-7.051090955734253,TRUE,research/results/basic_experiments/cmu20/claude_sonnet46_mace_mp0_small/no_forbid/07,3,0,0.0,3,0,29087
07,claude,claude_sonnet46_mace_mp0_small,claude-sonnet-4-6,MACE-MP-0 small,mace,mace_mp0,small,no_termination,-7.051090955734253,TRUE,research/results/basic_experiments/cmu20/claude_sonnet46_mace_mp0_small/no_termination/07,5,0,0.0,5,0,38334
07,claude,claude_sonnet46_mace_mp0_small,claude-sonnet-4-6,MACE-MP-0 small,mace,mace_mp0,small,one_shot,-6.883122205734253,TRUE,research/results/basic_experiments/cmu20/claude_sonnet46_mace_mp0_small/one_shot/07,1,0,0.0,1,0,5839
07,gemini,gemini25pro_mace_mp0_small,gemini-2.5-pro,MACE-MP-0 small,mace,mace_mp0,small,full,-7.051090955734253,TRUE,research/results/basic_experiments/cmu20/gemini25pro_mace_mp0_small/full/07,5,0,0.0,5,0,29421
07,gemini,gemini25pro_mace_mp0_small,gemini-2.5-pro,MACE-MP-0 small,mace,mace_mp0,small,one_shot,-6.883122205734253,TRUE,research/results/basic_experiments/cmu20/gemini25pro_mace_mp0_small/one_shot/07,1,0,0.0,1,0,4396
07,gemini,gemini25pro_mace_mp0_small,gemini-2.5-pro,MACE-MP-0 small,mace,mace_mp0,small,no_slip,-7.051090955734253,TRUE,research/results/basic_experiments/cmu20/gemini25pro_mace_mp0_small/no_slip/07,5,0,0.0,5,0,25638
07,gemini,gemini25pro_mace_mp0_small,gemini-2.5-pro,MACE-MP-0 small,mace,mace_mp0,small,no_forbid,-7.051090955734253,TRUE,research/results/basic_experiments/cmu20/gemini25pro_mace_mp0_small/no_forbid/07,5,0,0.0,5,0,26695
07,gemini,gemini25pro_mace_mp0_small,gemini-2.5-pro,MACE-MP-0 small,mace,mace_mp0,small,no_termination,-7.030705213546753,TRUE,research/results/basic_experiments/cmu20/gemini25pro_mace_mp0_small/no_termination/07,5,0,0.0,4,0,26236
07,grok,grok4_mace_mp0_small,grok-4,MACE-MP-0 small,mace,mace_mp0,small,full,-7.051090955734253,TRUE,research/results/basic_experiments/cmu20/grok4_mace_mp0_small/full/07,5,0,0.0,5,0,37815
07,grok,grok4_mace_mp0_small,grok-4,MACE-MP-0 small,mace,mace_mp0,small,no_slip,-7.051090955734253,TRUE,research/results/basic_experiments/cmu20/grok4_mace_mp0_small/no_slip/07,5,0,0.0,5,0,32905
07,grok,grok4_mace_mp0_small,grok-4,MACE-MP-0 small,mace,mace_mp0,small,no_forbid,-7.030705213546753,TRUE,research/results/basic_experiments/cmu20/grok4_mace_mp0_small/no_forbid/07,5,0,0.0,4,0,36405
07,grok,grok4_mace_mp0_small,grok-4,MACE-MP-0 small,mace,mace_mp0,small,no_termination,-7.030705213546753,TRUE,research/results/basic_experiments/cmu20/grok4_mace_mp0_small/no_termination/07,4,0,0.0,4,0,28145
07,grok,grok4_mace_mp0_small,grok-4,MACE-MP-0 small,mace,mace_mp0,small,one_shot,-6.883122205734253,TRUE,research/results/basic_experiments/cmu20/grok4_mace_mp0_small/one_shot/07,1,0,0.0,1,0,5640
08,gpt,gpt54_mace_mp0_small,gpt-5.4-2026-03-05,MACE-MP-0 small,mace,mace_mp0,small,full,-7.190608978271484,TRUE,research/results/basic_experiments/cmu20/gpt54_mace_mp0_small/full/08,5,0,0.0,3,1,30444
08,gpt,gpt54_mace_mp0_small,gpt-5.4-2026-03-05,MACE-MP-0 small,mace,mace_mp0,small,no_slip,-7.190670013427734,TRUE,research/results/basic_experiments/cmu20/gpt54_mace_mp0_small/no_slip/08,5,0,0.0,5,1,29034
08,gpt,gpt54_mace_mp0_small,gpt-5.4-2026-03-05,MACE-MP-0 small,mace,mace_mp0,small,no_forbid,-7.190670013427734,TRUE,research/results/basic_experiments/cmu20/gpt54_mace_mp0_small/no_forbid/08,5,0,0.0,3,1,29874
08,gpt,gpt54_mace_mp0_small,gpt-5.4-2026-03-05,MACE-MP-0 small,mace,mace_mp0,small,no_termination,-7.190670013427734,TRUE,research/results/basic_experiments/cmu20/gpt54_mace_mp0_small/no_termination/08,5,1,0.2,3,1,29935
08,gpt,gpt54_mace_mp0_small,gpt-5.4-2026-03-05,MACE-MP-0 small,mace,mace_mp0,small,one_shot,,FALSE,research/results/basic_experiments/cmu20/gpt54_mace_mp0_small/one_shot/08,1,0,0.0,0,1,4494
08,claude,claude_sonnet46_mace_mp0_small,claude-sonnet-4-6,MACE-MP-0 small,mace,mace_mp0,small,full,-6.869441986083984,TRUE,research/results/basic_experiments/cmu20/claude_sonnet46_mace_mp0_small/full/08,5,0,0.0,3,2,41084
08,claude,claude_sonnet46_mace_mp0_small,claude-sonnet-4-6,MACE-MP-0 small,mace,mace_mp0,small,no_slip,-7.190608978271484,TRUE,research/results/basic_experiments/cmu20/claude_sonnet46_mace_mp0_small/no_slip/08,5,0,0.0,4,1,34915
08,claude,claude_sonnet46_mace_mp0_small,claude-sonnet-4-6,MACE-MP-0 small,mace,mace_mp0,small,no_forbid,-6.856868743896484,TRUE,research/results/basic_experiments/cmu20/claude_sonnet46_mace_mp0_small/no_forbid/08,5,0,0.0,3,2,37789
08,claude,claude_sonnet46_mace_mp0_small,claude-sonnet-4-6,MACE-MP-0 small,mace,mace_mp0,small,no_termination,-7.190670013427734,TRUE,research/results/basic_experiments/cmu20/claude_sonnet46_mace_mp0_small/no_termination/08,5,0,0.0,4,2,38841
08,claude,claude_sonnet46_mace_mp0_small,claude-sonnet-4-6,MACE-MP-0 small,mace,mace_mp0,small,one_shot,,FALSE,research/results/basic_experiments/cmu20/claude_sonnet46_mace_mp0_small/one_shot/08,1,0,0.0,0,1,5736
08,gemini,gemini25pro_mace_mp0_small,gemini-2.5-pro,MACE-MP-0 small,mace,mace_mp0,small,full,-6.414363861083984,TRUE,research/results/basic_experiments/cmu20/gemini25pro_mace_mp0_small/full/08,5,0,0.0,5,4,32740
08,gemini,gemini25pro_mace_mp0_small,gemini-2.5-pro,MACE-MP-0 small,mace,mace_mp0,small,one_shot,-6.414363861083984,TRUE,research/results/basic_experiments/cmu20/gemini25pro_mace_mp0_small/one_shot/08,1,0,0.0,1,0,5672
08,gemini,gemini25pro_mace_mp0_small,gemini-2.5-pro,MACE-MP-0 small,mace,mace_mp0,small,no_slip,-6.414363861083984,TRUE,research/results/basic_experiments/cmu20/gemini25pro_mace_mp0_small/no_slip/08,5,0,0.0,4,4,27704
08,gemini,gemini25pro_mace_mp0_small,gemini-2.5-pro,MACE-MP-0 small,mace,mace_mp0,small,no_forbid,-6.414363861083984,TRUE,research/results/basic_experiments/cmu20/gemini25pro_mace_mp0_small/no_forbid/08,5,0,0.0,4,4,33546
08,gemini,gemini25pro_mace_mp0_small,gemini-2.5-pro,MACE-MP-0 small,mace,mace_mp0,small,no_termination,-6.869441986083984,TRUE,research/results/basic_experiments/cmu20/gemini25pro_mace_mp0_small/no_termination/08,5,0,0.0,4,2,28456
08,grok,grok4_mace_mp0_small,grok-4,MACE-MP-0 small,mace,mace_mp0,small,full,-6.414363861083984,TRUE,research/results/basic_experiments/cmu20/grok4_mace_mp0_small/full/08,4,0,0.0,3,3,30243
08,grok,grok4_mace_mp0_small,grok-4,MACE-MP-0 small,mace,mace_mp0,small,no_slip,-6.616634368896484,TRUE,research/results/basic_experiments/cmu20/grok4_mace_mp0_small/no_slip/08,5,0,0.0,3,3,34198
08,grok,grok4_mace_mp0_small,grok-4,MACE-MP-0 small,mace,mace_mp0,small,no_forbid,-6.414363861083984,TRUE,research/results/basic_experiments/cmu20/grok4_mace_mp0_small/no_forbid/08,5,0,0.0,4,4,42458
08,grok,grok4_mace_mp0_small,grok-4,MACE-MP-0 small,mace,mace_mp0,small,no_termination,-7.190608978271484,TRUE,research/results/basic_experiments/cmu20/grok4_mace_mp0_small/no_termination/08,4,0,0.0,3,2,30842
08,grok,grok4_mace_mp0_small,grok-4,MACE-MP-0 small,mace,mace_mp0,small,one_shot,,FALSE,research/results/basic_experiments/cmu20/grok4_mace_mp0_small/one_shot/08,1,0,0.0,0,1,5945
09,gpt,gpt54_mace_mp0_small,gpt-5.4-2026-03-05,MACE-MP-0 small,mace,mace_mp0,small,full,-1.9912567138671875,TRUE,research/results/basic_experiments/cmu20/gpt54_mace_mp0_small/full/09,3,0,0.0,0,0,20047
09,gpt,gpt54_mace_mp0_small,gpt-5.4-2026-03-05,MACE-MP-0 small,mace,mace_mp0,small,no_slip,-1.9912567138671875,TRUE,research/results/basic_experiments/cmu20/gpt54_mace_mp0_small/no_slip/09,3,0,0.0,0,0,19542
09,gpt,gpt54_mace_mp0_small,gpt-5.4-2026-03-05,MACE-MP-0 small,mace,mace_mp0,small,no_forbid,-1.9912567138671875,TRUE,research/results/basic_experiments/cmu20/gpt54_mace_mp0_small/no_forbid/09,3,0,0.0,0,0,19956
09,gpt,gpt54_mace_mp0_small,gpt-5.4-2026-03-05,MACE-MP-0 small,mace,mace_mp0,small,no_termination,-1.9912567138671875,TRUE,research/results/basic_experiments/cmu20/gpt54_mace_mp0_small/no_termination/09,3,0,0.0,0,0,32056
09,gpt,gpt54_mace_mp0_small,gpt-5.4-2026-03-05,MACE-MP-0 small,mace,mace_mp0,small,one_shot,-1.9912567138671875,TRUE,research/results/basic_experiments/cmu20/gpt54_mace_mp0_small/one_shot/09,1,0,0.0,0,0,4559
09,claude,claude_sonnet46_mace_mp0_small,claude-sonnet-4-6,MACE-MP-0 small,mace,mace_mp0,small,full,-1.9912567138671875,TRUE,research/results/basic_experiments/cmu20/claude_sonnet46_mace_mp0_small/full/09,3,0,0.0,0,0,26258
09,claude,claude_sonnet46_mace_mp0_small,claude-sonnet-4-6,MACE-MP-0 small,mace,mace_mp0,small,no_slip,-1.9912567138671875,TRUE,research/results/basic_experiments/cmu20/claude_sonnet46_mace_mp0_small/no_slip/09,3,0,0.0,0,0,25814
09,claude,claude_sonnet46_mace_mp0_small,claude-sonnet-4-6,MACE-MP-0 small,mace,mace_mp0,small,no_forbid,-1.9912567138671875,TRUE,research/results/basic_experiments/cmu20/claude_sonnet46_mace_mp0_small/no_forbid/09,3,0,0.0,0,0,26008
09,claude,claude_sonnet46_mace_mp0_small,claude-sonnet-4-6,MACE-MP-0 small,mace,mace_mp0,small,no_termination,-1.9912567138671875,TRUE,research/results/basic_experiments/cmu20/claude_sonnet46_mace_mp0_small/no_termination/09,3,0,0.0,0,0,42723
09,claude,claude_sonnet46_mace_mp0_small,claude-sonnet-4-6,MACE-MP-0 small,mace,mace_mp0,small,one_shot,-1.8037338256835935,TRUE,research/results/basic_experiments/cmu20/claude_sonnet46_mace_mp0_small/one_shot/09,1,0,0.0,0,0,5464
09,gemini,gemini25pro_mace_mp0_small,gemini-2.5-pro,MACE-MP-0 small,mace,mace_mp0,small,full,-1.9739322662353516,TRUE,research/results/basic_experiments/cmu20/gemini25pro_mace_mp0_small/full/09,3,0,0.0,1,0,28924
09,gemini,gemini25pro_mace_mp0_small,gemini-2.5-pro,MACE-MP-0 small,mace,mace_mp0,small,one_shot,-1.8013858795166016,TRUE,research/results/basic_experiments/cmu20/gemini25pro_mace_mp0_small/one_shot/09,1,0,0.0,0,0,6021
09,gemini,gemini25pro_mace_mp0_small,gemini-2.5-pro,MACE-MP-0 small,mace,mace_mp0,small,no_slip,-1.9739322662353516,TRUE,research/results/basic_experiments/cmu20/gemini25pro_mace_mp0_small/no_slip/09,3,0,0.0,1,0,29281
09,gemini,gemini25pro_mace_mp0_small,gemini-2.5-pro,MACE-MP-0 small,mace,mace_mp0,small,no_forbid,-1.9739322662353516,TRUE,research/results/basic_experiments/cmu20/gemini25pro_mace_mp0_small/no_forbid/09,3,0,0.0,1,0,27953
09,gemini,gemini25pro_mace_mp0_small,gemini-2.5-pro,MACE-MP-0 small,mace,mace_mp0,small,no_termination,-1.9739322662353516,TRUE,research/results/basic_experiments/cmu20/gemini25pro_mace_mp0_small/no_termination/09,4,0,0.0,1,0,170041
09,grok,grok4_mace_mp0_small,grok-4,MACE-MP-0 small,mace,mace_mp0,small,full,-1.9739322662353516,TRUE,research/results/basic_experiments/cmu20/grok4_mace_mp0_small/full/09,3,0,0.0,1,0,26737
09,grok,grok4_mace_mp0_small,grok-4,MACE-MP-0 small,mace,mace_mp0,small,no_slip,-1.9739322662353516,TRUE,research/results/basic_experiments/cmu20/grok4_mace_mp0_small/no_slip/09,3,0,0.0,1,0,24763
09,grok,grok4_mace_mp0_small,grok-4,MACE-MP-0 small,mace,mace_mp0,small,no_forbid,-1.9739322662353516,TRUE,research/results/basic_experiments/cmu20/grok4_mace_mp0_small/no_forbid/09,3,0,0.0,1,0,27312
09,grok,grok4_mace_mp0_small,grok-4,MACE-MP-0 small,mace,mace_mp0,small,no_termination,-1.9739322662353516,TRUE,research/results/basic_experiments/cmu20/grok4_mace_mp0_small/no_termination/09,3,0,0.0,1,0,44624
09,grok,grok4_mace_mp0_small,grok-4,MACE-MP-0 small,mace,mace_mp0,small,one_shot,-1.9739322662353516,TRUE,research/results/basic_experiments/cmu20/grok4_mace_mp0_small/one_shot/09,1,0,0.0,0,0,6511
10,gpt,gpt54_mace_mp0_small,gpt-5.4-2026-03-05,MACE-MP-0 small,mace,mace_mp0,small,full,-2.7095260620117188,TRUE,research/results/basic_experiments/cmu20/gpt54_mace_mp0_small/full/10,2,0,0.0,2,0,15422
10,gpt,gpt54_mace_mp0_small,gpt-5.4-2026-03-05,MACE-MP-0 small,mace,mace_mp0,small,no_slip,-2.7095260620117188,TRUE,research/results/basic_experiments/cmu20/gpt54_mace_mp0_small/no_slip/10,2,0,0.0,2,0,14060
10,gpt,gpt54_mace_mp0_small,gpt-5.4-2026-03-05,MACE-MP-0 small,mace,mace_mp0,small,no_forbid,-2.7095260620117188,TRUE,research/results/basic_experiments/cmu20/gpt54_mace_mp0_small/no_forbid/10,2,0,0.0,2,0,15020
10,gpt,gpt54_mace_mp0_small,gpt-5.4-2026-03-05,MACE-MP-0 small,mace,mace_mp0,small,no_termination,-2.7176666259765625,TRUE,research/results/basic_experiments/cmu20/gpt54_mace_mp0_small/no_termination/10,4,0,0.0,3,0,44961
10,gpt,gpt54_mace_mp0_small,gpt-5.4-2026-03-05,MACE-MP-0 small,mace,mace_mp0,small,one_shot,-2.7176666259765625,TRUE,research/results/basic_experiments/cmu20/gpt54_mace_mp0_small/one_shot/10,1,0,0.0,0,0,4710
10,claude,claude_sonnet46_mace_mp0_small,claude-sonnet-4-6,MACE-MP-0 small,mace,mace_mp0,small,full,-2.7176666259765625,TRUE,research/results/basic_experiments/cmu20/claude_sonnet46_mace_mp0_small/full/10,4,0,0.0,3,0,37375
10,claude,claude_sonnet46_mace_mp0_small,claude-sonnet-4-6,MACE-MP-0 small,mace,mace_mp0,small,no_slip,-2.7176666259765625,TRUE,research/results/basic_experiments/cmu20/claude_sonnet46_mace_mp0_small/no_slip/10,3,0,0.0,2,0,26100
10,claude,claude_sonnet46_mace_mp0_small,claude-sonnet-4-6,MACE-MP-0 small,mace,mace_mp0,small,no_forbid,-2.7176666259765625,TRUE,research/results/basic_experiments/cmu20/claude_sonnet46_mace_mp0_small/no_forbid/10,4,0,0.0,3,0,36268
10,claude,claude_sonnet46_mace_mp0_small,claude-sonnet-4-6,MACE-MP-0 small,mace,mace_mp0,small,no_termination,-2.7176666259765625,TRUE,research/results/basic_experiments/cmu20/claude_sonnet46_mace_mp0_small/no_termination/10,4,0,0.0,3,0,58119
10,claude,claude_sonnet46_mace_mp0_small,claude-sonnet-4-6,MACE-MP-0 small,mace,mace_mp0,small,one_shot,-2.7095260620117188,TRUE,research/results/basic_experiments/cmu20/claude_sonnet46_mace_mp0_small/one_shot/10,1,0,0.0,1,0,6245
10,gemini,gemini25pro_mace_mp0_small,gemini-2.5-pro,MACE-MP-0 small,mace,mace_mp0,small,full,-2.7176666259765625,TRUE,research/results/basic_experiments/cmu20/gemini25pro_mace_mp0_small/full/10,4,0,0.0,3,0,39939
10,gemini,gemini25pro_mace_mp0_small,gemini-2.5-pro,MACE-MP-0 small,mace,mace_mp0,small,one_shot,-2.7095260620117188,TRUE,research/results/basic_experiments/cmu20/gemini25pro_mace_mp0_small/one_shot/10,1,0,0.0,1,0,7048
10,gemini,gemini25pro_mace_mp0_small,gemini-2.5-pro,MACE-MP-0 small,mace,mace_mp0,small,no_slip,-2.7176666259765625,TRUE,research/results/basic_experiments/cmu20/gemini25pro_mace_mp0_small/no_slip/10,3,0,0.0,2,0,30326
10,gemini,gemini25pro_mace_mp0_small,gemini-2.5-pro,MACE-MP-0 small,mace,mace_mp0,small,no_forbid,-2.7176666259765625,TRUE,research/results/basic_experiments/cmu20/gemini25pro_mace_mp0_small/no_forbid/10,3,0,0.0,2,0,28410
10,gemini,gemini25pro_mace_mp0_small,gemini-2.5-pro,MACE-MP-0 small,mace,mace_mp0,small,no_termination,-2.7176666259765625,TRUE,research/results/basic_experiments/cmu20/gemini25pro_mace_mp0_small/no_termination/10,5,0,0.0,4,0,55542
10,grok,grok4_mace_mp0_small,grok-4,MACE-MP-0 small,mace,mace_mp0,small,full,-2.7176666259765625,TRUE,research/results/basic_experiments/cmu20/grok4_mace_mp0_small/full/10,4,0,0.0,3,0,36868
10,grok,grok4_mace_mp0_small,grok-4,MACE-MP-0 small,mace,mace_mp0,small,no_slip,-2.7176666259765625,TRUE,research/results/basic_experiments/cmu20/grok4_mace_mp0_small/no_slip/10,4,0,0.0,3,0,35171
10,grok,grok4_mace_mp0_small,grok-4,MACE-MP-0 small,mace,mace_mp0,small,no_forbid,-2.7176666259765625,TRUE,research/results/basic_experiments/cmu20/grok4_mace_mp0_small/no_forbid/10,4,0,0.0,3,0,35159
10,grok,grok4_mace_mp0_small,grok-4,MACE-MP-0 small,mace,mace_mp0,small,no_termination,-2.7176666259765625,TRUE,research/results/basic_experiments/cmu20/grok4_mace_mp0_small/no_termination/10,4,0,0.0,3,0,55311
10,grok,grok4_mace_mp0_small,grok-4,MACE-MP-0 small,mace,mace_mp0,small,one_shot,-2.712350845336914,TRUE,research/results/basic_experiments/cmu20/grok4_mace_mp0_small/one_shot/10,1,0,0.0,0,0,6257
11,gpt,gpt54_mace_mp0_small,gpt-5.4-2026-03-05,MACE-MP-0 small,mace,mace_mp0,small,full,-2.381309509277344,TRUE,research/results/basic_experiments/cmu20/gpt54_mace_mp0_small/full/11,1,0,0.0,1,0,9807
11,gpt,gpt54_mace_mp0_small,gpt-5.4-2026-03-05,MACE-MP-0 small,mace,mace_mp0,small,no_slip,-2.4184722900390625,TRUE,research/results/basic_experiments/cmu20/gpt54_mace_mp0_small/no_slip/11,3,0,0.0,2,0,20250
11,gpt,gpt54_mace_mp0_small,gpt-5.4-2026-03-05,MACE-MP-0 small,mace,mace_mp0,small,no_forbid,-2.4184722900390625,TRUE,research/results/basic_experiments/cmu20/gpt54_mace_mp0_small/no_forbid/11,3,0,0.0,2,0,21009
11,gpt,gpt54_mace_mp0_small,gpt-5.4-2026-03-05,MACE-MP-0 small,mace,mace_mp0,small,no_termination,-2.4184722900390625,TRUE,research/results/basic_experiments/cmu20/gpt54_mace_mp0_small/no_termination/11,3,0,0.0,2,0,37005
11,gpt,gpt54_mace_mp0_small,gpt-5.4-2026-03-05,MACE-MP-0 small,mace,mace_mp0,small,one_shot,-2.4184722900390625,TRUE,research/results/basic_experiments/cmu20/gpt54_mace_mp0_small/one_shot/11,1,0,0.0,0,0,4286
11,claude,claude_sonnet46_mace_mp0_small,claude-sonnet-4-6,MACE-MP-0 small,mace,mace_mp0,small,full,-2.4184722900390625,TRUE,research/results/basic_experiments/cmu20/claude_sonnet46_mace_mp0_small/full/11,3,0,0.0,2,0,29346
11,claude,claude_sonnet46_mace_mp0_small,claude-sonnet-4-6,MACE-MP-0 small,mace,mace_mp0,small,no_slip,-2.4184722900390625,TRUE,research/results/basic_experiments/cmu20/claude_sonnet46_mace_mp0_small/no_slip/11,3,0,0.0,2,0,26147
11,claude,claude_sonnet46_mace_mp0_small,claude-sonnet-4-6,MACE-MP-0 small,mace,mace_mp0,small,no_forbid,-2.4184722900390625,TRUE,research/results/basic_experiments/cmu20/claude_sonnet46_mace_mp0_small/no_forbid/11,3,0,0.0,2,0,27556
11,claude,claude_sonnet46_mace_mp0_small,claude-sonnet-4-6,MACE-MP-0 small,mace,mace_mp0,small,no_termination,-2.4184722900390625,TRUE,research/results/basic_experiments/cmu20/claude_sonnet46_mace_mp0_small/no_termination/11,3,0,0.0,2,0,47661
11,claude,claude_sonnet46_mace_mp0_small,claude-sonnet-4-6,MACE-MP-0 small,mace,mace_mp0,small,one_shot,-2.4184722900390625,TRUE,research/results/basic_experiments/cmu20/claude_sonnet46_mace_mp0_small/one_shot/11,1,0,0.0,0,0,5937
11,gemini,gemini25pro_mace_mp0_small,gemini-2.5-pro,MACE-MP-0 small,mace,mace_mp0,small,full,-2.3885955810546875,TRUE,research/results/basic_experiments/cmu20/gemini25pro_mace_mp0_small/full/11,2,0,0.0,2,0,15006
11,gemini,gemini25pro_mace_mp0_small,gemini-2.5-pro,MACE-MP-0 small,mace,mace_mp0,small,one_shot,-2.381309509277344,TRUE,research/results/basic_experiments/cmu20/gemini25pro_mace_mp0_small/one_shot/11,1,0,0.0,1,0,4292
11,gemini,gemini25pro_mace_mp0_small,gemini-2.5-pro,MACE-MP-0 small,mace,mace_mp0,small,no_slip,-2.4184722900390625,TRUE,research/results/basic_experiments/cmu20/gemini25pro_mace_mp0_small/no_slip/11,3,0,0.0,2,0,20620
11,gemini,gemini25pro_mace_mp0_small,gemini-2.5-pro,MACE-MP-0 small,mace,mace_mp0,small,no_forbid,-2.4184722900390625,TRUE,research/results/basic_experiments/cmu20/gemini25pro_mace_mp0_small/no_forbid/11,3,0,0.0,2,0,21364
11,gemini,gemini25pro_mace_mp0_small,gemini-2.5-pro,MACE-MP-0 small,mace,mace_mp0,small,no_termination,-2.4184722900390625,TRUE,research/results/basic_experiments/cmu20/gemini25pro_mace_mp0_small/no_termination/11,3,0,0.0,2,0,38607
11,grok,grok4_mace_mp0_small,grok-4,MACE-MP-0 small,mace,mace_mp0,small,full,-2.4184722900390625,TRUE,research/results/basic_experiments/cmu20/grok4_mace_mp0_small/full/11,3,0,0.0,2,0,29428
11,grok,grok4_mace_mp0_small,grok-4,MACE-MP-0 small,mace,mace_mp0,small,no_slip,-2.4184722900390625,TRUE,research/results/basic_experiments/cmu20/grok4_mace_mp0_small/no_slip/11,3,0,0.0,2,0,27265
11,grok,grok4_mace_mp0_small,grok-4,MACE-MP-0 small,mace,mace_mp0,small,no_forbid,-2.4184722900390625,TRUE,research/results/basic_experiments/cmu20/grok4_mace_mp0_small/no_forbid/11,3,0,0.0,2,0,28471
11,grok,grok4_mace_mp0_small,grok-4,MACE-MP-0 small,mace,mace_mp0,small,no_termination,-2.4184722900390625,TRUE,research/results/basic_experiments/cmu20/grok4_mace_mp0_small/no_termination/11,3,0,0.0,2,0,24269
11,grok,grok4_mace_mp0_small,grok-4,MACE-MP-0 small,mace,mace_mp0,small,one_shot,-2.3885955810546875,TRUE,research/results/basic_experiments/cmu20/grok4_mace_mp0_small/one_shot/11,1,0,0.0,1,0,6367
12,gpt,gpt54_mace_mp0_small,gpt-5.4-2026-03-05,MACE-MP-0 small,mace,mace_mp0,small,full,-2.0813217163085938,TRUE,research/results/basic_experiments/cmu20/gpt54_mace_mp0_small/full/12,1,0,0.0,1,0,9801
12,gpt,gpt54_mace_mp0_small,gpt-5.4-2026-03-05,MACE-MP-0 small,mace,mace_mp0,small,no_slip,-2.0813217163085938,TRUE,research/results/basic_experiments/cmu20/gpt54_mace_mp0_small/no_slip/12,1,0,0.0,1,0,4722
12,gpt,gpt54_mace_mp0_small,gpt-5.4-2026-03-05,MACE-MP-0 small,mace,mace_mp0,small,no_forbid,-2.3513641357421875,TRUE,research/results/basic_experiments/cmu20/gpt54_mace_mp0_small/no_forbid/12,3,0,0.0,2,0,21188
12,gpt,gpt54_mace_mp0_small,gpt-5.4-2026-03-05,MACE-MP-0 small,mace,mace_mp0,small,no_termination,-2.3513641357421875,TRUE,research/results/basic_experiments/cmu20/gpt54_mace_mp0_small/no_termination/12,3,0,0.0,2,0,37106
12,gpt,gpt54_mace_mp0_small,gpt-5.4-2026-03-05,MACE-MP-0 small,mace,mace_mp0,small,one_shot,-2.0813217163085938,TRUE,research/results/basic_experiments/cmu20/gpt54_mace_mp0_small/one_shot/12,1,0,0.0,1,0,4705
12,claude,claude_sonnet46_mace_mp0_small,claude-sonnet-4-6,MACE-MP-0 small,mace,mace_mp0,small,full,-2.3513641357421875,TRUE,research/results/basic_experiments/cmu20/claude_sonnet46_mace_mp0_small/full/12,3,0,0.0,2,0,27885
12,claude,claude_sonnet46_mace_mp0_small,claude-sonnet-4-6,MACE-MP-0 small,mace,mace_mp0,small,no_slip,-2.3513641357421875,TRUE,research/results/basic_experiments/cmu20/claude_sonnet46_mace_mp0_small/no_slip/12,3,0,0.0,2,0,24601
12,claude,claude_sonnet46_mace_mp0_small,claude-sonnet-4-6,MACE-MP-0 small,mace,mace_mp0,small,no_forbid,-2.3513641357421875,TRUE,research/results/basic_experiments/cmu20/claude_sonnet46_mace_mp0_small/no_forbid/12,3,0,0.0,2,0,28433
12,claude,claude_sonnet46_mace_mp0_small,claude-sonnet-4-6,MACE-MP-0 small,mace,mace_mp0,small,no_termination,-2.3513641357421875,TRUE,research/results/basic_experiments/cmu20/claude_sonnet46_mace_mp0_small/no_termination/12,3,0,0.0,2,0,47587
12,claude,claude_sonnet46_mace_mp0_small,claude-sonnet-4-6,MACE-MP-0 small,mace,mace_mp0,small,one_shot,-2.0813217163085938,TRUE,research/results/basic_experiments/cmu20/claude_sonnet46_mace_mp0_small/one_shot/12,1,0,0.0,1,0,5909
12,gemini,gemini25pro_mace_mp0_small,gemini-2.5-pro,MACE-MP-0 small,mace,mace_mp0,small,full,-2.3513641357421875,TRUE,research/results/basic_experiments/cmu20/gemini25pro_mace_mp0_small/full/12,3,0,0.0,2,0,31170
12,gemini,gemini25pro_mace_mp0_small,gemini-2.5-pro,MACE-MP-0 small,mace,mace_mp0,small,one_shot,-2.0813217163085938,TRUE,research/results/basic_experiments/cmu20/gemini25pro_mace_mp0_small/one_shot/12,1,0,0.0,1,0,6553
12,gemini,gemini25pro_mace_mp0_small,gemini-2.5-pro,MACE-MP-0 small,mace,mace_mp0,small,no_slip,-2.3513641357421875,TRUE,research/results/basic_experiments/cmu20/gemini25pro_mace_mp0_small/no_slip/12,3,0,0.0,2,0,29067
12,gemini,gemini25pro_mace_mp0_small,gemini-2.5-pro,MACE-MP-0 small,mace,mace_mp0,small,no_forbid,-2.3513641357421875,TRUE,research/results/basic_experiments/cmu20/gemini25pro_mace_mp0_small/no_forbid/12,3,0,0.0,2,0,31591
12,gemini,gemini25pro_mace_mp0_small,gemini-2.5-pro,MACE-MP-0 small,mace,mace_mp0,small,no_termination,-2.3513641357421875,TRUE,research/results/basic_experiments/cmu20/gemini25pro_mace_mp0_small/no_termination/12,3,0,0.0,2,0,67907
12,grok,grok4_mace_mp0_small,grok-4,MACE-MP-0 small,mace,mace_mp0,small,full,-2.3513641357421875,TRUE,research/results/basic_experiments/cmu20/grok4_mace_mp0_small/full/12,3,0,0.0,2,0,28005
12,grok,grok4_mace_mp0_small,grok-4,MACE-MP-0 small,mace,mace_mp0,small,no_slip,-2.3513641357421875,TRUE,research/results/basic_experiments/cmu20/grok4_mace_mp0_small/no_slip/12,3,0,0.0,2,0,27252
12,grok,grok4_mace_mp0_small,grok-4,MACE-MP-0 small,mace,mace_mp0,small,no_forbid,-2.3513641357421875,TRUE,research/results/basic_experiments/cmu20/grok4_mace_mp0_small/no_forbid/12,3,0,0.0,2,0,27205
12,grok,grok4_mace_mp0_small,grok-4,MACE-MP-0 small,mace,mace_mp0,small,no_termination,-2.3513641357421875,TRUE,research/results/basic_experiments/cmu20/grok4_mace_mp0_small/no_termination/12,3,0,0.0,2,0,46843
12,grok,grok4_mace_mp0_small,grok-4,MACE-MP-0 small,mace,mace_mp0,small,one_shot,-2.080881118774414,TRUE,research/results/basic_experiments/cmu20/grok4_mace_mp0_small/one_shot/12,1,0,0.0,0,0,6389
13,gpt,gpt54_mace_mp0_small,gpt-5.4-2026-03-05,MACE-MP-0 small,mace,mace_mp0,small,full,-2.8251419067382812,TRUE,research/results/basic_experiments/cmu20/gpt54_mace_mp0_small/full/13,3,0,0.0,2,0,21610
13,gpt,gpt54_mace_mp0_small,gpt-5.4-2026-03-05,MACE-MP-0 small,mace,mace_mp0,small,no_slip,-2.8251419067382812,TRUE,research/results/basic_experiments/cmu20/gpt54_mace_mp0_small/no_slip/13,2,0,0.0,1,0,14841
13,gpt,gpt54_mace_mp0_small,gpt-5.4-2026-03-05,MACE-MP-0 small,mace,mace_mp0,small,no_forbid,-2.8251419067382812,TRUE,research/results/basic_experiments/cmu20/gpt54_mace_mp0_small/no_forbid/13,2,0,0.0,1,0,15495
13,gpt,gpt54_mace_mp0_small,gpt-5.4-2026-03-05,MACE-MP-0 small,mace,mace_mp0,small,no_termination,-2.8251419067382812,TRUE,research/results/basic_experiments/cmu20/gpt54_mace_mp0_small/no_termination/13,4,0,0.0,3,0,28617
13,gpt,gpt54_mace_mp0_small,gpt-5.4-2026-03-05,MACE-MP-0 small,mace,mace_mp0,small,one_shot,-2.8078689575195312,TRUE,research/results/basic_experiments/cmu20/gpt54_mace_mp0_small/one_shot/13,1,0,0.0,1,0,4786
13,claude,claude_sonnet46_mace_mp0_small,claude-sonnet-4-6,MACE-MP-0 small,mace,mace_mp0,small,full,-2.8251419067382812,TRUE,research/results/basic_experiments/cmu20/claude_sonnet46_mace_mp0_small/full/13,4,0,0.0,3,0,39378
13,claude,claude_sonnet46_mace_mp0_small,claude-sonnet-4-6,MACE-MP-0 small,mace,mace_mp0,small,no_slip,-2.8251419067382812,TRUE,research/results/basic_experiments/cmu20/claude_sonnet46_mace_mp0_small/no_slip/13,4,0,0.0,3,0,34492
13,claude,claude_sonnet46_mace_mp0_small,claude-sonnet-4-6,MACE-MP-0 small,mace,mace_mp0,small,no_forbid,-2.8251419067382812,TRUE,research/results/basic_experiments/cmu20/claude_sonnet46_mace_mp0_small/no_forbid/13,4,0,0.0,3,0,37220
13,claude,claude_sonnet46_mace_mp0_small,claude-sonnet-4-6,MACE-MP-0 small,mace,mace_mp0,small,no_termination,-2.8301544189453125,TRUE,research/results/basic_experiments/cmu20/claude_sonnet46_mace_mp0_small/no_termination/13,5,0,0.0,3,0,49849
13,claude,claude_sonnet46_mace_mp0_small,claude-sonnet-4-6,MACE-MP-0 small,mace,mace_mp0,small,one_shot,-2.8251419067382812,TRUE,research/results/basic_experiments/cmu20/claude_sonnet46_mace_mp0_small/one_shot/13,1,0,0.0,0,0,6893
13,gemini,gemini25pro_mace_mp0_small,gemini-2.5-pro,MACE-MP-0 small,mace,mace_mp0,small,full,-2.8251419067382812,TRUE,research/results/basic_experiments/cmu20/gemini25pro_mace_mp0_small/full/13,3,0,0.0,2,0,31768
13,gemini,gemini25pro_mace_mp0_small,gemini-2.5-pro,MACE-MP-0 small,mace,mace_mp0,small,one_shot,-2.4055328369140625,TRUE,research/results/basic_experiments/cmu20/gemini25pro_mace_mp0_small/one_shot/13,1,0,0.0,1,0,6556
13,gemini,gemini25pro_mace_mp0_small,gemini-2.5-pro,MACE-MP-0 small,mace,mace_mp0,small,no_slip,-2.8251419067382812,TRUE,research/results/basic_experiments/cmu20/gemini25pro_mace_mp0_small/no_slip/13,3,0,0.0,2,0,30442
13,gemini,gemini25pro_mace_mp0_small,gemini-2.5-pro,MACE-MP-0 small,mace,mace_mp0,small,no_forbid,-2.8251419067382812,TRUE,research/results/basic_experiments/cmu20/gemini25pro_mace_mp0_small/no_forbid/13,3,0,0.0,2,0,32398
13,gemini,gemini25pro_mace_mp0_small,gemini-2.5-pro,MACE-MP-0 small,mace,mace_mp0,small,no_termination,-2.8251419067382812,TRUE,research/results/basic_experiments/cmu20/gemini25pro_mace_mp0_small/no_termination/13,5,0,0.0,3,0,54291
13,grok,grok4_mace_mp0_small,grok-4,MACE-MP-0 small,mace,mace_mp0,small,full,-2.8251419067382812,TRUE,research/results/basic_experiments/cmu20/grok4_mace_mp0_small/full/13,4,0,0.0,3,0,38008
13,grok,grok4_mace_mp0_small,grok-4,MACE-MP-0 small,mace,mace_mp0,small,no_slip,-2.8251419067382812,TRUE,research/results/basic_experiments/cmu20/grok4_mace_mp0_small/no_slip/13,3,0,0.0,2,0,28066
13,grok,grok4_mace_mp0_small,grok-4,MACE-MP-0 small,mace,mace_mp0,small,no_forbid,-2.8251419067382812,TRUE,research/results/basic_experiments/cmu20/grok4_mace_mp0_small/no_forbid/13,4,0,0.0,3,0,37308
13,grok,grok4_mace_mp0_small,grok-4,MACE-MP-0 small,mace,mace_mp0,small,no_termination,-2.8251419067382812,TRUE,research/results/basic_experiments/cmu20/grok4_mace_mp0_small/no_termination/13,4,0,0.0,3,0,58847
13,grok,grok4_mace_mp0_small,grok-4,MACE-MP-0 small,mace,mace_mp0,small,one_shot,-2.376443862915039,TRUE,research/results/basic_experiments/cmu20/grok4_mace_mp0_small/one_shot/13,1,0,0.0,0,0,6497
14,gpt,gpt54_mace_mp0_small,gpt-5.4-2026-03-05,MACE-MP-0 small,mace,mace_mp0,small,full,-3.5911407470703125,TRUE,research/results/basic_experiments/cmu20/gpt54_mace_mp0_small/full/14,5,0,0.0,3,0,27934
14,gpt,gpt54_mace_mp0_small,gpt-5.4-2026-03-05,MACE-MP-0 small,mace,mace_mp0,small,no_slip,-3.4312286376953125,TRUE,research/results/basic_experiments/cmu20/gpt54_mace_mp0_small/no_slip/14,3,0,0.0,2,0,19575
14,gpt,gpt54_mace_mp0_small,gpt-5.4-2026-03-05,MACE-MP-0 small,mace,mace_mp0,small,no_forbid,-3.5911407470703125,TRUE,research/results/basic_experiments/cmu20/gpt54_mace_mp0_small/no_forbid/14,5,0,0.0,3,0,26545
14,gpt,gpt54_mace_mp0_small,gpt-5.4-2026-03-05,MACE-MP-0 small,mace,mace_mp0,small,no_termination,-3.5911407470703125,TRUE,research/results/basic_experiments/cmu20/gpt54_mace_mp0_small/no_termination/14,5,0,0.0,3,0,25347
14,gpt,gpt54_mace_mp0_small,gpt-5.4-2026-03-05,MACE-MP-0 small,mace,mace_mp0,small,one_shot,-3.4312286376953125,TRUE,research/results/basic_experiments/cmu20/gpt54_mace_mp0_small/one_shot/14,1,0,0.0,0,0,4205
14,claude,claude_sonnet46_mace_mp0_small,claude-sonnet-4-6,MACE-MP-0 small,mace,mace_mp0,small,full,-3.5796432495117188,TRUE,research/results/basic_experiments/cmu20/claude_sonnet46_mace_mp0_small/full/14,5,0,0.0,3,0,38624
14,claude,claude_sonnet46_mace_mp0_small,claude-sonnet-4-6,MACE-MP-0 small,mace,mace_mp0,small,no_slip,-3.5911407470703125,TRUE,research/results/basic_experiments/cmu20/claude_sonnet46_mace_mp0_small/no_slip/14,5,0,0.0,3,0,33771
14,claude,claude_sonnet46_mace_mp0_small,claude-sonnet-4-6,MACE-MP-0 small,mace,mace_mp0,small,no_forbid,-3.5911407470703125,TRUE,research/results/basic_experiments/cmu20/claude_sonnet46_mace_mp0_small/no_forbid/14,5,0,0.0,3,0,35868
14,claude,claude_sonnet46_mace_mp0_small,claude-sonnet-4-6,MACE-MP-0 small,mace,mace_mp0,small,no_termination,-3.5911407470703125,TRUE,research/results/basic_experiments/cmu20/claude_sonnet46_mace_mp0_small/no_termination/14,5,0,0.0,3,0,33339
14,claude,claude_sonnet46_mace_mp0_small,claude-sonnet-4-6,MACE-MP-0 small,mace,mace_mp0,small,one_shot,-3.453330993652344,TRUE,research/results/basic_experiments/cmu20/claude_sonnet46_mace_mp0_small/one_shot/14,1,0,0.0,1,0,6050
14,gemini,gemini25pro_mace_mp0_small,gemini-2.5-pro,MACE-MP-0 small,mace,mace_mp0,small,full,-3.616632461547851,TRUE,research/results/basic_experiments/cmu20/gemini25pro_mace_mp0_small/full/14,5,0,0.0,3,0,36193
14,gemini,gemini25pro_mace_mp0_small,gemini-2.5-pro,MACE-MP-0 small,mace,mace_mp0,small,one_shot,-3.616632461547851,TRUE,research/results/basic_experiments/cmu20/gemini25pro_mace_mp0_small/one_shot/14,1,0,0.0,0,0,6226
14,gemini,gemini25pro_mace_mp0_small,gemini-2.5-pro,MACE-MP-0 small,mace,mace_mp0,small,no_slip,-3.616632461547851,TRUE,research/results/basic_experiments/cmu20/gemini25pro_mace_mp0_small/no_slip/14,5,0,0.0,3,0,38214
14,gemini,gemini25pro_mace_mp0_small,gemini-2.5-pro,MACE-MP-0 small,mace,mace_mp0,small,no_forbid,-3.616632461547851,TRUE,research/results/basic_experiments/cmu20/gemini25pro_mace_mp0_small/no_forbid/14,5,0,0.0,2,0,39447
14,gemini,gemini25pro_mace_mp0_small,gemini-2.5-pro,MACE-MP-0 small,mace,mace_mp0,small,no_termination,-3.616632461547851,TRUE,research/results/basic_experiments/cmu20/gemini25pro_mace_mp0_small/no_termination/14,5,0,0.0,3,0,39288
14,grok,grok4_mace_mp0_small,grok-4,MACE-MP-0 small,mace,mace_mp0,small,full,-3.616632461547851,TRUE,research/results/basic_experiments/cmu20/grok4_mace_mp0_small/full/14,5,0,0.0,3,0,34313
14,grok,grok4_mace_mp0_small,grok-4,MACE-MP-0 small,mace,mace_mp0,small,no_slip,-3.616632461547851,TRUE,research/results/basic_experiments/cmu20/grok4_mace_mp0_small/no_slip/14,5,0,0.0,3,0,34151
14,grok,grok4_mace_mp0_small,grok-4,MACE-MP-0 small,mace,mace_mp0,small,no_forbid,-3.616632461547851,TRUE,research/results/basic_experiments/cmu20/grok4_mace_mp0_small/no_forbid/14,5,0,0.0,3,0,33042
14,grok,grok4_mace_mp0_small,grok-4,MACE-MP-0 small,mace,mace_mp0,small,no_termination,-3.616632461547851,TRUE,research/results/basic_experiments/cmu20/grok4_mace_mp0_small/no_termination/14,5,0,0.0,3,0,33323
14,grok,grok4_mace_mp0_small,grok-4,MACE-MP-0 small,mace,mace_mp0,small,one_shot,-3.245080947875977,TRUE,research/results/basic_experiments/cmu20/grok4_mace_mp0_small/one_shot/14,1,0,0.0,1,0,6732
15,gpt,gpt54_mace_mp0_small,gpt-5.4-2026-03-05,MACE-MP-0 small,mace,mace_mp0,small,full,-3.257709503173828,TRUE,research/results/basic_experiments/cmu20/gpt54_mace_mp0_small/full/15,4,0,0.0,2,0,26512
15,gpt,gpt54_mace_mp0_small,gpt-5.4-2026-03-05,MACE-MP-0 small,mace,mace_mp0,small,no_slip,-2.9635086059570312,TRUE,research/results/basic_experiments/cmu20/gpt54_mace_mp0_small/no_slip/15,3,0,0.0,1,0,19299
15,gpt,gpt54_mace_mp0_small,gpt-5.4-2026-03-05,MACE-MP-0 small,mace,mace_mp0,small,no_forbid,-3.3851089477539062,TRUE,research/results/basic_experiments/cmu20/gpt54_mace_mp0_small/no_forbid/15,4,0,0.0,3,0,27643
15,gpt,gpt54_mace_mp0_small,gpt-5.4-2026-03-05,MACE-MP-0 small,mace,mace_mp0,small,no_termination,-3.257709503173828,TRUE,research/results/basic_experiments/cmu20/gpt54_mace_mp0_small/no_termination/15,5,0,0.0,3,0,42468
15,gpt,gpt54_mace_mp0_small,gpt-5.4-2026-03-05,MACE-MP-0 small,mace,mace_mp0,small,one_shot,-2.9636917114257812,TRUE,research/results/basic_experiments/cmu20/gpt54_mace_mp0_small/one_shot/15,1,0,0.0,0,0,4756
15,claude,claude_sonnet46_mace_mp0_small,claude-sonnet-4-6,MACE-MP-0 small,mace,mace_mp0,small,full,-3.257678985595703,TRUE,research/results/basic_experiments/cmu20/claude_sonnet46_mace_mp0_small/full/15,4,0,0.0,2,0,36680
15,claude,claude_sonnet46_mace_mp0_small,claude-sonnet-4-6,MACE-MP-0 small,mace,mace_mp0,small,no_slip,-3.257709503173828,TRUE,research/results/basic_experiments/cmu20/claude_sonnet46_mace_mp0_small/no_slip/15,4,0,0.0,2,0,32497
15,claude,claude_sonnet46_mace_mp0_small,claude-sonnet-4-6,MACE-MP-0 small,mace,mace_mp0,small,no_forbid,-3.257678985595703,TRUE,research/results/basic_experiments/cmu20/claude_sonnet46_mace_mp0_small/no_forbid/15,3,0,0.0,2,0,29076
15,claude,claude_sonnet46_mace_mp0_small,claude-sonnet-4-6,MACE-MP-0 small,mace,mace_mp0,small,no_termination,-3.257709503173828,TRUE,research/results/basic_experiments/cmu20/claude_sonnet46_mace_mp0_small/no_termination/15,5,0,0.0,3,1,42474
15,claude,claude_sonnet46_mace_mp0_small,claude-sonnet-4-6,MACE-MP-0 small,mace,mace_mp0,small,one_shot,-2.767475128173828,TRUE,research/results/basic_experiments/cmu20/claude_sonnet46_mace_mp0_small/one_shot/15,1,0,0.0,1,0,6381
15,gemini,gemini25pro_mace_mp0_small,gemini-2.5-pro,MACE-MP-0 small,mace,mace_mp0,small,full,-3.257709503173828,TRUE,research/results/basic_experiments/cmu20/gemini25pro_mace_mp0_small/full/15,5,0,0.0,3,0,40030
15,gemini,gemini25pro_mace_mp0_small,gemini-2.5-pro,MACE-MP-0 small,mace,mace_mp0,small,one_shot,-2.963539123535156,TRUE,research/results/basic_experiments/cmu20/gemini25pro_mace_mp0_small/one_shot/15,1,0,0.0,0,0,6789
15,gemini,gemini25pro_mace_mp0_small,gemini-2.5-pro,MACE-MP-0 small,mace,mace_mp0,small,no_slip,-3.257709503173828,TRUE,research/results/basic_experiments/cmu20/gemini25pro_mace_mp0_small/no_slip/15,5,0,0.0,3,0,40101
15,gemini,gemini25pro_mace_mp0_small,gemini-2.5-pro,MACE-MP-0 small,mace,mace_mp0,small,no_forbid,-2.9635696411132812,TRUE,research/results/basic_experiments/cmu20/gemini25pro_mace_mp0_small/no_forbid/15,5,1,0.2,2,0,38062
15,gemini,gemini25pro_mace_mp0_small,gemini-2.5-pro,MACE-MP-0 small,mace,mace_mp0,small,no_termination,-3.257678985595703,TRUE,research/results/basic_experiments/cmu20/gemini25pro_mace_mp0_small/no_termination/15,5,1,0.2,2,0,37602
15,grok,grok4_mace_mp0_small,grok-4,MACE-MP-0 small,mace,mace_mp0,small,full,-3.257709503173828,TRUE,research/results/basic_experiments/cmu20/grok4_mace_mp0_small/full/15,5,1,0.2,2,0,36716
15,grok,grok4_mace_mp0_small,grok-4,MACE-MP-0 small,mace,mace_mp0,small,no_slip,-3.257709503173828,TRUE,research/results/basic_experiments/cmu20/grok4_mace_mp0_small/no_slip/15,5,0,0.0,3,0,33988
15,grok,grok4_mace_mp0_small,grok-4,MACE-MP-0 small,mace,mace_mp0,small,no_forbid,-3.257709503173828,TRUE,research/results/basic_experiments/cmu20/grok4_mace_mp0_small/no_forbid/15,5,1,0.2,2,0,34577
15,grok,grok4_mace_mp0_small,grok-4,MACE-MP-0 small,mace,mace_mp0,small,no_termination,-3.257709503173828,TRUE,research/results/basic_experiments/cmu20/grok4_mace_mp0_small/no_termination/15,5,1,0.2,2,0,36579
15,grok,grok4_mace_mp0_small,grok-4,MACE-MP-0 small,mace,mace_mp0,small,one_shot,-2.58724594116211,TRUE,research/results/basic_experiments/cmu20/grok4_mace_mp0_small/one_shot/15,1,0,0.0,1,0,6890
16,gpt,gpt54_mace_mp0_small,gpt-5.4-2026-03-05,MACE-MP-0 small,mace,mace_mp0,small,full,-4.272052764892578,TRUE,research/results/basic_experiments/cmu20/gpt54_mace_mp0_small/full/16,5,0,0.0,3,0,30334
16,gpt,gpt54_mace_mp0_small,gpt-5.4-2026-03-05,MACE-MP-0 small,mace,mace_mp0,small,no_slip,-4.662910461425781,TRUE,research/results/basic_experiments/cmu20/gpt54_mace_mp0_small/no_slip/16,5,0,0.0,2,1,25920
16,gpt,gpt54_mace_mp0_small,gpt-5.4-2026-03-05,MACE-MP-0 small,mace,mace_mp0,small,no_forbid,-4.662910461425781,TRUE,research/results/basic_experiments/cmu20/gpt54_mace_mp0_small/no_forbid/16,5,0,0.0,2,0,29315
16,gpt,gpt54_mace_mp0_small,gpt-5.4-2026-03-05,MACE-MP-0 small,mace,mace_mp0,small,no_termination,-4.662910461425781,TRUE,research/results/basic_experiments/cmu20/gpt54_mace_mp0_small/no_termination/16,5,0,0.0,2,1,25922
16,gpt,gpt54_mace_mp0_small,gpt-5.4-2026-03-05,MACE-MP-0 small,mace,mace_mp0,small,one_shot,-4.662910461425781,TRUE,research/results/basic_experiments/cmu20/gpt54_mace_mp0_small/one_shot/16,1,0,0.0,0,0,5002
16,claude,claude_sonnet46_mace_mp0_small,claude-sonnet-4-6,MACE-MP-0 small,mace,mace_mp0,small,full,-4.662910461425781,TRUE,research/results/basic_experiments/cmu20/claude_sonnet46_mace_mp0_small/full/16,5,0,0.0,2,0,39492
16,claude,claude_sonnet46_mace_mp0_small,claude-sonnet-4-6,MACE-MP-0 small,mace,mace_mp0,small,no_slip,-4.272052764892578,TRUE,research/results/basic_experiments/cmu20/claude_sonnet46_mace_mp0_small/no_slip/16,5,0,0.0,3,1,35817
16,claude,claude_sonnet46_mace_mp0_small,claude-sonnet-4-6,MACE-MP-0 small,mace,mace_mp0,small,no_forbid,-4.662910461425781,TRUE,research/results/basic_experiments/cmu20/claude_sonnet46_mace_mp0_small/no_forbid/16,5,0,0.0,2,0,34537
16,claude,claude_sonnet46_mace_mp0_small,claude-sonnet-4-6,MACE-MP-0 small,mace,mace_mp0,small,no_termination,-4.662910461425781,TRUE,research/results/basic_experiments/cmu20/claude_sonnet46_mace_mp0_small/no_termination/16,5,0,0.0,2,0,38299
16,claude,claude_sonnet46_mace_mp0_small,claude-sonnet-4-6,MACE-MP-0 small,mace,mace_mp0,small,one_shot,-4.662910461425781,TRUE,research/results/basic_experiments/cmu20/claude_sonnet46_mace_mp0_small/one_shot/16,1,0,0.0,0,0,6590
16,gemini,gemini25pro_mace_mp0_small,gemini-2.5-pro,MACE-MP-0 small,mace,mace_mp0,small,full,-4.662910461425781,TRUE,research/results/basic_experiments/cmu20/gemini25pro_mace_mp0_small/full/16,5,0,0.0,2,1,41813
16,gemini,gemini25pro_mace_mp0_small,gemini-2.5-pro,MACE-MP-0 small,mace,mace_mp0,small,one_shot,-4.662910461425781,TRUE,research/results/basic_experiments/cmu20/gemini25pro_mace_mp0_small/one_shot/16,1,0,0.0,0,0,2889
16,gemini,gemini25pro_mace_mp0_small,gemini-2.5-pro,MACE-MP-0 small,mace,mace_mp0,small,no_slip,-4.662910461425781,TRUE,research/results/basic_experiments/cmu20/gemini25pro_mace_mp0_small/no_slip/16,5,0,0.0,3,2,39354
16,gemini,gemini25pro_mace_mp0_small,gemini-2.5-pro,MACE-MP-0 small,mace,mace_mp0,small,no_forbid,-4.662910461425781,TRUE,research/results/basic_experiments/cmu20/gemini25pro_mace_mp0_small/no_forbid/16,5,0,0.0,2,1,42130
16,gemini,gemini25pro_mace_mp0_small,gemini-2.5-pro,MACE-MP-0 small,mace,mace_mp0,small,no_termination,-4.662910461425781,TRUE,research/results/basic_experiments/cmu20/gemini25pro_mace_mp0_small/no_termination/16,5,0,0.0,2,1,42573
16,grok,grok4_mace_mp0_small,grok-4,MACE-MP-0 small,mace,mace_mp0,small,full,-4.662910461425781,TRUE,research/results/basic_experiments/cmu20/grok4_mace_mp0_small/full/16,5,0,0.0,2,1,34117
16,grok,grok4_mace_mp0_small,grok-4,MACE-MP-0 small,mace,mace_mp0,small,no_slip,-4.662910461425781,TRUE,research/results/basic_experiments/cmu20/grok4_mace_mp0_small/no_slip/16,5,0,0.0,2,1,33914
16,grok,grok4_mace_mp0_small,grok-4,MACE-MP-0 small,mace,mace_mp0,small,no_forbid,-4.662910461425781,TRUE,research/results/basic_experiments/cmu20/grok4_mace_mp0_small/no_forbid/16,5,0,0.0,2,1,35097
16,grok,grok4_mace_mp0_small,grok-4,MACE-MP-0 small,mace,mace_mp0,small,no_termination,-4.662910461425781,TRUE,research/results/basic_experiments/cmu20/grok4_mace_mp0_small/no_termination/16,5,0,0.0,2,1,35408
16,grok,grok4_mace_mp0_small,grok-4,MACE-MP-0 small,mace,mace_mp0,small,one_shot,-4.551860809326172,TRUE,research/results/basic_experiments/cmu20/grok4_mace_mp0_small/one_shot/16,1,0,0.0,0,0,6044
17,gpt,gpt54_mace_mp0_small,gpt-5.4-2026-03-05,MACE-MP-0 small,mace,mace_mp0,small,full,-3.241016387939453,TRUE,research/results/basic_experiments/cmu20/gpt54_mace_mp0_small/full/17,5,0,0.0,4,0,30240
17,gpt,gpt54_mace_mp0_small,gpt-5.4-2026-03-05,MACE-MP-0 small,mace,mace_mp0,small,no_slip,-3.240985870361328,TRUE,research/results/basic_experiments/cmu20/gpt54_mace_mp0_small/no_slip/17,5,0,0.0,4,0,26804
17,gpt,gpt54_mace_mp0_small,gpt-5.4-2026-03-05,MACE-MP-0 small,mace,mace_mp0,small,no_forbid,-3.240985870361328,TRUE,research/results/basic_experiments/cmu20/gpt54_mace_mp0_small/no_forbid/17,5,0,0.0,4,0,28939
17,gpt,gpt54_mace_mp0_small,gpt-5.4-2026-03-05,MACE-MP-0 small,mace,mace_mp0,small,no_termination,-3.240985870361328,TRUE,research/results/basic_experiments/cmu20/gpt54_mace_mp0_small/no_termination/17,5,0,0.0,4,0,28295
17,gpt,gpt54_mace_mp0_small,gpt-5.4-2026-03-05,MACE-MP-0 small,mace,mace_mp0,small,one_shot,-2.692474365234375,TRUE,research/results/basic_experiments/cmu20/gpt54_mace_mp0_small/one_shot/17,1,0,0.0,1,0,4858
17,claude,claude_sonnet46_mace_mp0_small,claude-sonnet-4-6,MACE-MP-0 small,mace,mace_mp0,small,full,-3.240985870361328,TRUE,research/results/basic_experiments/cmu20/claude_sonnet46_mace_mp0_small/full/17,5,0,0.0,5,1,39582
17,claude,claude_sonnet46_mace_mp0_small,claude-sonnet-4-6,MACE-MP-0 small,mace,mace_mp0,small,no_slip,-3.240985870361328,TRUE,research/results/basic_experiments/cmu20/claude_sonnet46_mace_mp0_small/no_slip/17,5,0,0.0,5,0,36763
17,claude,claude_sonnet46_mace_mp0_small,claude-sonnet-4-6,MACE-MP-0 small,mace,mace_mp0,small,no_forbid,-3.240985870361328,TRUE,research/results/basic_experiments/cmu20/claude_sonnet46_mace_mp0_small/no_forbid/17,5,0,0.0,4,0,38714
17,claude,claude_sonnet46_mace_mp0_small,claude-sonnet-4-6,MACE-MP-0 small,mace,mace_mp0,small,no_termination,-3.240985870361328,TRUE,research/results/basic_experiments/cmu20/claude_sonnet46_mace_mp0_small/no_termination/17,5,0,0.0,5,0,39884
17,claude,claude_sonnet46_mace_mp0_small,claude-sonnet-4-6,MACE-MP-0 small,mace,mace_mp0,small,one_shot,-2.692474365234375,TRUE,research/results/basic_experiments/cmu20/claude_sonnet46_mace_mp0_small/one_shot/17,1,0,0.0,1,0,6591
17,gemini,gemini25pro_mace_mp0_small,gemini-2.5-pro,MACE-MP-0 small,mace,mace_mp0,small,full,-3.222217559814453,TRUE,research/results/basic_experiments/cmu20/gemini25pro_mace_mp0_small/full/17,5,1,0.2,4,1,43662
17,gemini,gemini25pro_mace_mp0_small,gemini-2.5-pro,MACE-MP-0 small,mace,mace_mp0,small,one_shot,-2.692474365234375,TRUE,research/results/basic_experiments/cmu20/gemini25pro_mace_mp0_small/one_shot/17,1,0,0.0,1,0,7105
17,gemini,gemini25pro_mace_mp0_small,gemini-2.5-pro,MACE-MP-0 small,mace,mace_mp0,small,no_slip,-3.064361572265625,TRUE,research/results/basic_experiments/cmu20/gemini25pro_mace_mp0_small/no_slip/17,5,1,0.2,4,1,44235
17,gemini,gemini25pro_mace_mp0_small,gemini-2.5-pro,MACE-MP-0 small,mace,mace_mp0,small,no_forbid,-3.0643310546875,TRUE,research/results/basic_experiments/cmu20/gemini25pro_mace_mp0_small/no_forbid/17,5,1,0.2,4,0,47164
17,gemini,gemini25pro_mace_mp0_small,gemini-2.5-pro,MACE-MP-0 small,mace,mace_mp0,small,no_termination,-3.064361572265625,TRUE,research/results/basic_experiments/cmu20/gemini25pro_mace_mp0_small/no_termination/17,5,1,0.2,4,1,45833
17,grok,grok4_mace_mp0_small,grok-4,MACE-MP-0 small,mace,mace_mp0,small,full,-2.865570068359375,TRUE,research/results/basic_experiments/cmu20/grok4_mace_mp0_small/full/17,3,0,0.0,3,1,29558
17,grok,grok4_mace_mp0_small,grok-4,MACE-MP-0 small,mace,mace_mp0,small,no_slip,-3.145648956298828,TRUE,research/results/basic_experiments/cmu20/grok4_mace_mp0_small/no_slip/17,5,0,0.0,5,1,35266
17,grok,grok4_mace_mp0_small,grok-4,MACE-MP-0 small,mace,mace_mp0,small,no_forbid,-3.064361572265625,TRUE,research/results/basic_experiments/cmu20/grok4_mace_mp0_small/no_forbid/17,5,0,0.0,5,2,40479
17,grok,grok4_mace_mp0_small,grok-4,MACE-MP-0 small,mace,mace_mp0,small,no_termination,-3.064361572265625,TRUE,research/results/basic_experiments/cmu20/grok4_mace_mp0_small/no_termination/17,2,0,0.0,2,1,10332
17,grok,grok4_mace_mp0_small,grok-4,MACE-MP-0 small,mace,mace_mp0,small,one_shot,-3.0664215087890625,TRUE,research/results/basic_experiments/cmu20/grok4_mace_mp0_small/one_shot/17,1,0,0.0,1,0,6912
18,gpt,gpt54_mace_mp0_small,gpt-5.4-2026-03-05,MACE-MP-0 small,mace,mace_mp0,small,full,-2.7240142822265625,TRUE,research/results/basic_experiments/cmu20/gpt54_mace_mp0_small/full/18,3,0,0.0,2,0,21803
18,gpt,gpt54_mace_mp0_small,gpt-5.4-2026-03-05,MACE-MP-0 small,mace,mace_mp0,small,no_slip,-3.2147865295410156,TRUE,research/results/basic_experiments/cmu20/gpt54_mace_mp0_small/no_slip/18,4,0,0.0,1,0,26032
18,gpt,gpt54_mace_mp0_small,gpt-5.4-2026-03-05,MACE-MP-0 small,mace,mace_mp0,small,no_forbid,-3.2147865295410156,TRUE,research/results/basic_experiments/cmu20/gpt54_mace_mp0_small/no_forbid/18,4,0,0.0,2,0,28197
18,gpt,gpt54_mace_mp0_small,gpt-5.4-2026-03-05,MACE-MP-0 small,mace,mace_mp0,small,no_termination,-3.2147865295410156,TRUE,research/results/basic_experiments/cmu20/gpt54_mace_mp0_small/no_termination/18,5,0,0.0,2,0,27680
18,gpt,gpt54_mace_mp0_small,gpt-5.4-2026-03-05,MACE-MP-0 small,mace,mace_mp0,small,one_shot,-2.5189666748046875,TRUE,research/results/basic_experiments/cmu20/gpt54_mace_mp0_small/one_shot/18,1,0,0.0,1,0,4907
18,claude,claude_sonnet46_mace_mp0_small,claude-sonnet-4-6,MACE-MP-0 small,mace,mace_mp0,small,full,-2.7240142822265625,TRUE,research/results/basic_experiments/cmu20/claude_sonnet46_mace_mp0_small/full/18,4,0,0.0,3,0,37109
18,claude,claude_sonnet46_mace_mp0_small,claude-sonnet-4-6,MACE-MP-0 small,mace,mace_mp0,small,no_slip,-3.2147865295410156,TRUE,research/results/basic_experiments/cmu20/claude_sonnet46_mace_mp0_small/no_slip/18,5,0,0.0,2,0,34564
18,claude,claude_sonnet46_mace_mp0_small,claude-sonnet-4-6,MACE-MP-0 small,mace,mace_mp0,small,no_forbid,-2.8375282287597656,TRUE,research/results/basic_experiments/cmu20/claude_sonnet46_mace_mp0_small/no_forbid/18,4,0,0.0,2,0,37160
18,claude,claude_sonnet46_mace_mp0_small,claude-sonnet-4-6,MACE-MP-0 small,mace,mace_mp0,small,no_termination,-3.2147865295410156,TRUE,research/results/basic_experiments/cmu20/claude_sonnet46_mace_mp0_small/no_termination/18,5,0,0.0,2,0,34719
18,claude,claude_sonnet46_mace_mp0_small,claude-sonnet-4-6,MACE-MP-0 small,mace,mace_mp0,small,one_shot,-2.5189666748046875,TRUE,research/results/basic_experiments/cmu20/claude_sonnet46_mace_mp0_small/one_shot/18,1,0,0.0,1,0,6557
18,gemini,gemini25pro_mace_mp0_small,gemini-2.5-pro,MACE-MP-0 small,mace,mace_mp0,small,full,-2.7787933349609375,TRUE,research/results/basic_experiments/cmu20/gemini25pro_mace_mp0_small/full/18,5,0,0.0,4,0,43988
18,gemini,gemini25pro_mace_mp0_small,gemini-2.5-pro,MACE-MP-0 small,mace,mace_mp0,small,one_shot,-2.5189666748046875,TRUE,research/results/basic_experiments/cmu20/gemini25pro_mace_mp0_small/one_shot/18,1,0,0.0,1,0,7767
18,gemini,gemini25pro_mace_mp0_small,gemini-2.5-pro,MACE-MP-0 small,mace,mace_mp0,small,no_slip,-2.7787628173828125,TRUE,research/results/basic_experiments/cmu20/gemini25pro_mace_mp0_small/no_slip/18,5,0,0.0,4,0,41355
18,gemini,gemini25pro_mace_mp0_small,gemini-2.5-pro,MACE-MP-0 small,mace,mace_mp0,small,no_forbid,-3.1291351318359375,TRUE,research/results/basic_experiments/cmu20/gemini25pro_mace_mp0_small/no_forbid/18,5,0,0.0,5,0,46938
18,gemini,gemini25pro_mace_mp0_small,gemini-2.5-pro,MACE-MP-0 small,mace,mace_mp0,small,no_termination,-3.1291351318359375,TRUE,research/results/basic_experiments/cmu20/gemini25pro_mace_mp0_small/no_termination/18,5,0,0.0,5,0,42434
18,grok,grok4_mace_mp0_small,grok-4,MACE-MP-0 small,mace,mace_mp0,small,full,-3.1291351318359375,TRUE,research/results/basic_experiments/cmu20/grok4_mace_mp0_small/full/18,5,0,0.0,5,0,42479
18,grok,grok4_mace_mp0_small,grok-4,MACE-MP-0 small,mace,mace_mp0,small,no_slip,-2.7787628173828125,TRUE,research/results/basic_experiments/cmu20/grok4_mace_mp0_small/no_slip/18,5,0,0.0,4,0,33685
18,grok,grok4_mace_mp0_small,grok-4,MACE-MP-0 small,mace,mace_mp0,small,no_forbid,-3.1291351318359375,TRUE,research/results/basic_experiments/cmu20/grok4_mace_mp0_small/no_forbid/18,5,0,0.0,5,0,38298
18,grok,grok4_mace_mp0_small,grok-4,MACE-MP-0 small,mace,mace_mp0,small,no_termination,-3.1291351318359375,TRUE,research/results/basic_experiments/cmu20/grok4_mace_mp0_small/no_termination/18,5,0,0.0,5,0,40412
18,grok,grok4_mace_mp0_small,grok-4,MACE-MP-0 small,mace,mace_mp0,small,one_shot,-2.4179840087890625,TRUE,research/results/basic_experiments/cmu20/grok4_mace_mp0_small/one_shot/18,1,0,0.0,1,0,6576
19,gpt,gpt54_mace_mp0_small,gpt-5.4-2026-03-05,MACE-MP-0 small,mace,mace_mp0,small,full,-4.0125274658203125,TRUE,research/results/basic_experiments/cmu20/gpt54_mace_mp0_small/full/19,5,0,0.0,4,0,29540
19,gpt,gpt54_mace_mp0_small,gpt-5.4-2026-03-05,MACE-MP-0 small,mace,mace_mp0,small,no_slip,-4.099582672119141,TRUE,research/results/basic_experiments/cmu20/gpt54_mace_mp0_small/no_slip/19,5,0,0.0,5,0,27948
19,gpt,gpt54_mace_mp0_small,gpt-5.4-2026-03-05,MACE-MP-0 small,mace,mace_mp0,small,no_forbid,-4.148807525634766,TRUE,research/results/basic_experiments/cmu20/gpt54_mace_mp0_small/no_forbid/19,5,0,0.0,4,0,29475
19,gpt,gpt54_mace_mp0_small,gpt-5.4-2026-03-05,MACE-MP-0 small,mace,mace_mp0,small,no_termination,-4.0125274658203125,TRUE,research/results/basic_experiments/cmu20/gpt54_mace_mp0_small/no_termination/19,5,0,0.0,4,0,29145
19,gpt,gpt54_mace_mp0_small,gpt-5.4-2026-03-05,MACE-MP-0 small,mace,mace_mp0,small,one_shot,-4.0125274658203125,TRUE,research/results/basic_experiments/cmu20/gpt54_mace_mp0_small/one_shot/19,1,0,0.0,1,0,4601
19,claude,claude_sonnet46_mace_mp0_small,claude-sonnet-4-6,MACE-MP-0 small,mace,mace_mp0,small,full,-4.0125274658203125,TRUE,research/results/basic_experiments/cmu20/claude_sonnet46_mace_mp0_small/full/19,4,0,0.0,3,0,39932
19,claude,claude_sonnet46_mace_mp0_small,claude-sonnet-4-6,MACE-MP-0 small,mace,mace_mp0,small,no_slip,-4.148807525634766,TRUE,research/results/basic_experiments/cmu20/claude_sonnet46_mace_mp0_small/no_slip/19,5,0,0.0,5,0,37053
19,claude,claude_sonnet46_mace_mp0_small,claude-sonnet-4-6,MACE-MP-0 small,mace,mace_mp0,small,no_forbid,-4.148807525634766,TRUE,research/results/basic_experiments/cmu20/claude_sonnet46_mace_mp0_small/no_forbid/19,5,0,0.0,5,0,42052
19,claude,claude_sonnet46_mace_mp0_small,claude-sonnet-4-6,MACE-MP-0 small,mace,mace_mp0,small,no_termination,-4.0125274658203125,TRUE,research/results/basic_experiments/cmu20/claude_sonnet46_mace_mp0_small/no_termination/19,5,0,0.0,4,0,36800
19,claude,claude_sonnet46_mace_mp0_small,claude-sonnet-4-6,MACE-MP-0 small,mace,mace_mp0,small,one_shot,-4.0125274658203125,TRUE,research/results/basic_experiments/cmu20/claude_sonnet46_mace_mp0_small/one_shot/19,1,0,0.0,1,0,6086
19,gemini,gemini25pro_mace_mp0_small,gemini-2.5-pro,MACE-MP-0 small,mace,mace_mp0,small,full,-4.043663024902344,TRUE,research/results/basic_experiments/cmu20/gemini25pro_mace_mp0_small/full/19,5,0,0.0,5,1,47180
19,gemini,gemini25pro_mace_mp0_small,gemini-2.5-pro,MACE-MP-0 small,mace,mace_mp0,small,one_shot,-4.0126495361328125,TRUE,research/results/basic_experiments/cmu20/gemini25pro_mace_mp0_small/one_shot/19,1,0,0.0,1,0,7126
19,gemini,gemini25pro_mace_mp0_small,gemini-2.5-pro,MACE-MP-0 small,mace,mace_mp0,small,no_slip,-3.841384887695313,TRUE,research/results/basic_experiments/cmu20/gemini25pro_mace_mp0_small/no_slip/19,5,0,0.0,3,2,47560
19,gemini,gemini25pro_mace_mp0_small,gemini-2.5-pro,MACE-MP-0 small,mace,mace_mp0,small,no_forbid,-4.042137145996094,TRUE,research/results/basic_experiments/cmu20/gemini25pro_mace_mp0_small/no_forbid/19,5,0,0.0,5,1,41934
19,gemini,gemini25pro_mace_mp0_small,gemini-2.5-pro,MACE-MP-0 small,mace,mace_mp0,small,no_termination,-3.5939178466796875,TRUE,research/results/basic_experiments/cmu20/gemini25pro_mace_mp0_small/no_termination/19,5,0,0.0,4,1,44121
19,grok,grok4_mace_mp0_small,grok-4,MACE-MP-0 small,mace,mace_mp0,small,full,-4.044700622558594,TRUE,research/results/basic_experiments/cmu20/grok4_mace_mp0_small/full/19,3,0,0.0,3,0,21384
19,grok,grok4_mace_mp0_small,grok-4,MACE-MP-0 small,mace,mace_mp0,small,no_slip,-3.5939178466796875,TRUE,research/results/basic_experiments/cmu20/grok4_mace_mp0_small/no_slip/19,5,0,0.0,4,1,36468
19,grok,grok4_mace_mp0_small,grok-4,MACE-MP-0 small,mace,mace_mp0,small,no_forbid,-3.5939483642578125,TRUE,research/results/basic_experiments/cmu20/grok4_mace_mp0_small/no_forbid/19,5,0,0.0,4,1,38418
19,grok,grok4_mace_mp0_small,grok-4,MACE-MP-0 small,mace,mace_mp0,small,no_termination,-4.027214050292969,TRUE,research/results/basic_experiments/cmu20/grok4_mace_mp0_small/no_termination/19,5,0,0.0,5,1,38921
19,grok,grok4_mace_mp0_small,grok-4,MACE-MP-0 small,mace,mace_mp0,small,one_shot,-3.5939178466796875,TRUE,research/results/basic_experiments/cmu20/grok4_mace_mp0_small/one_shot/19,1,0,0.0,1,0,6740
20,gpt,gpt54_mace_mp0_small,gpt-5.4-2026-03-05,MACE-MP-0 small,mace,mace_mp0,small,full,-11.652278900146484,TRUE,research/results/basic_experiments/cmu20/gpt54_mace_mp0_small/full/20,5,0,0.0,5,2,32322
20,gpt,gpt54_mace_mp0_small,gpt-5.4-2026-03-05,MACE-MP-0 small,mace,mace_mp0,small,no_slip,-11.652828216552734,TRUE,research/results/basic_experiments/cmu20/gpt54_mace_mp0_small/no_slip/20,5,0,0.0,5,1,28172
20,gpt,gpt54_mace_mp0_small,gpt-5.4-2026-03-05,MACE-MP-0 small,mace,mace_mp0,small,no_forbid,-11.649532318115234,TRUE,research/results/basic_experiments/cmu20/gpt54_mace_mp0_small/no_forbid/20,5,0,0.0,5,2,31300
20,gpt,gpt54_mace_mp0_small,gpt-5.4-2026-03-05,MACE-MP-0 small,mace,mace_mp0,small,no_termination,-11.652278900146484,TRUE,research/results/basic_experiments/cmu20/gpt54_mace_mp0_small/no_termination/20,5,0,0.0,5,1,31124
20,gpt,gpt54_mace_mp0_small,gpt-5.4-2026-03-05,MACE-MP-0 small,mace,mace_mp0,small,one_shot,-11.652278900146484,TRUE,research/results/basic_experiments/cmu20/gpt54_mace_mp0_small/one_shot/20,1,0,0.0,1,0,5229
20,claude,claude_sonnet46_mace_mp0_small,claude-sonnet-4-6,MACE-MP-0 small,mace,mace_mp0,small,full,-11.652706146240234,TRUE,research/results/basic_experiments/cmu20/claude_sonnet46_mace_mp0_small/full/20,5,0,0.0,5,2,41581
20,claude,claude_sonnet46_mace_mp0_small,claude-sonnet-4-6,MACE-MP-0 small,mace,mace_mp0,small,no_slip,-11.652278900146484,TRUE,research/results/basic_experiments/cmu20/claude_sonnet46_mace_mp0_small/no_slip/20,5,0,0.0,5,0,38697
20,claude,claude_sonnet46_mace_mp0_small,claude-sonnet-4-6,MACE-MP-0 small,mace,mace_mp0,small,no_forbid,-11.652278900146484,TRUE,research/results/basic_experiments/cmu20/claude_sonnet46_mace_mp0_small/no_forbid/20,5,0,0.0,5,0,41268
20,claude,claude_sonnet46_mace_mp0_small,claude-sonnet-4-6,MACE-MP-0 small,mace,mace_mp0,small,no_termination,-11.652278900146484,TRUE,research/results/basic_experiments/cmu20/claude_sonnet46_mace_mp0_small/no_termination/20,5,0,0.0,5,0,41413
20,claude,claude_sonnet46_mace_mp0_small,claude-sonnet-4-6,MACE-MP-0 small,mace,mace_mp0,small,one_shot,-11.652278900146484,TRUE,research/results/basic_experiments/cmu20/claude_sonnet46_mace_mp0_small/one_shot/20,1,0,0.0,1,0,6731
20,gemini,gemini25pro_mace_mp0_small,gemini-2.5-pro,MACE-MP-0 small,mace,mace_mp0,small,full,-11.652278900146484,TRUE,research/results/basic_experiments/cmu20/gemini25pro_mace_mp0_small/full/20,5,0,0.0,5,2,45199
20,gemini,gemini25pro_mace_mp0_small,gemini-2.5-pro,MACE-MP-0 small,mace,mace_mp0,small,one_shot,-11.652523040771484,TRUE,research/results/basic_experiments/cmu20/gemini25pro_mace_mp0_small/one_shot/20,1,0,0.0,1,0,8572
20,gemini,gemini25pro_mace_mp0_small,gemini-2.5-pro,MACE-MP-0 small,mace,mace_mp0,small,no_slip,-11.829994201660156,TRUE,research/results/basic_experiments/cmu20/gemini25pro_mace_mp0_small/no_slip/20,5,0,0.0,5,0,45292
20,gemini,gemini25pro_mace_mp0_small,gemini-2.5-pro,MACE-MP-0 small,mace,mace_mp0,small,no_forbid,-11.652278900146484,TRUE,research/results/basic_experiments/cmu20/gemini25pro_mace_mp0_small/no_forbid/20,5,0,0.0,5,0,44549
20,gemini,gemini25pro_mace_mp0_small,gemini-2.5-pro,MACE-MP-0 small,mace,mace_mp0,small,no_termination,-11.652278900146484,TRUE,research/results/basic_experiments/cmu20/gemini25pro_mace_mp0_small/no_termination/20,5,0,0.0,5,1,47121
20,grok,grok4_mace_mp0_small,grok-4,MACE-MP-0 small,mace,mace_mp0,small,full,-11.652645111083984,TRUE,research/results/basic_experiments/cmu20/grok4_mace_mp0_small/full/20,5,1,0.2,4,0,39054
20,grok,grok4_mace_mp0_small,grok-4,MACE-MP-0 small,mace,mace_mp0,small,no_slip,-11.653316497802734,TRUE,research/results/basic_experiments/cmu20/grok4_mace_mp0_small/no_slip/20,5,0,0.0,5,0,34936
20,grok,grok4_mace_mp0_small,grok-4,MACE-MP-0 small,mace,mace_mp0,small,no_forbid,-11.652278900146484,TRUE,research/results/basic_experiments/cmu20/grok4_mace_mp0_small/no_forbid/20,5,0,0.0,5,1,38081
20,grok,grok4_mace_mp0_small,grok-4,MACE-MP-0 small,mace,mace_mp0,small,no_termination,-11.652278900146484,TRUE,research/results/basic_experiments/cmu20/grok4_mace_mp0_small/no_termination/20,5,0,0.0,5,0,38954
20,grok,grok4_mace_mp0_small,grok-4,MACE-MP-0 small,mace,mace_mp0,small,one_shot,-10.602500915527344,TRUE,research/results/basic_experiments/cmu20/grok4_mace_mp0_small/one_shot/20,1,0,0.0,1,0,6289
